name,filepath,display_label
BROOKFIELD GLOBAL INTEGRATED SOLUTIONS,brookfield_global_integrated_solutions,Brookfield Global Integrated Solutions
GENERAL DYNAMICS,general_dynamics,General Dynamics
VANCOUVER SHIPYARDS,vancouver_shipyards,Vancouver Shipyards
IRVING SHIPBUILDING,irving_shipbuilding,Irving Shipbuilding
IBM CANADA,ibm_canada,IBM Canada
PCL CONSTRUCTORS,pcl_constructors,PCL Constructors
BELL CANADA,bell_canada,Bell Canada
CALIAN,calian,Calian
CANADIAN CORPS OF COMMISSIONAIRES,canadian_corps_of_commissionaires,Canadian Corps of Commissionaires
AIRBUS,airbus,Airbus
CHANTIER DAVIE CANADA,chantier_davie_canada,Chantier Davie Canada
MACDONALD DETTWILER AND ASSOCIATES,macdonald_dettwiler_and_associates,Macdonald Dettwiler and Associates
MICROSOFT CANADA,microsoft_canada,Microsoft Canada
D H PARTNERSHIP,d_h_partnership,D H Partnership
POMERLEAU,pomerleau,Pomerleau
CAE,cae,CAE
LOCKHEED MARTIN,lockheed_martin,Lockheed Martin
SIGNATURE SUR LE SAINT LAURENT,signature_sur_le_saint_laurent,Signature sur le Saint Laurent
L3HARRIS,l3harris,L3Harris
THALES,thales,Thales
NORTHERN MICRO,northern_micro,Northern Micro
MACK TRUCKS,mack_trucks,Mack Trucks
FEDERAL FLEET SERVICES,federal_fleet_services,Federal Fleet Services
SEASPAN VICTORIA SHIPYARDS,seaspan_victoria_shipyards,Seaspan Victoria Shipyards
SNC LAVALIN,snc_lavalin,SNC Lavalin
SIKORSKY AIRCRAFT,sikorsky_aircraft,Sikorsky Aircraft
"NAVTECH",navtech,Navtech
SWITCH HEALTH,switch_health,Switch Health
ELLISDON,ellisdon,Ellisdon
DELOITTE,deloitte,Deloitte
WSP,wsp,WSP
TELUS CANADA,telus_canada,Telus Canada
CASCADE AEROSPACE,cascade_aerospace,Cascade Aerospace
SI SYSTEMS,si_systems,SI Systems
COSSETTE COMMUNICATIONS,cossette_communications,Cossette Communications
CANADIAN BANK NOTE COMPANY,canadian_bank_note_company,Canadian Bank Note Company
PRICEWATERHOUSE COOPERS,pricewaterhouse_coopers,Pricewaterhouse Coopers
ORACLE CANADA,oracle_canada,Oracle Canada
KF AEROSPACE,kf_aerospace,KF Aerospace
VERITAAQ TECHNOLOGY HOUSE,veritaaq_technology_house,Veritaaq Technology House
MAPLE REINDERS CONSTRUCTORS,maple_reinders_constructors,Maple Reinders Constructors
PROLINE ADVANTAGE,proline_advantage,Proline Advantage
TOP ACES,top_aces,Top Aces
MOTOROLA SOLUTIONS CANADA,motorola_solutions_canada,Motorola Solutions Canada
RAYTHEON,raytheon,Raytheon
FORD MOTOR COMPANY,ford_motor_company,Ford Motor Company
NISHA TECHONOLOGIES,nisha_techonologies,Nisha Techonologies
SERCO,serco,Serco
WCG INTERNATIONAL CONSULTANTS,wcg_international_consultants,WCG International Consultants
HEWLETT PACKARD,hewlett_packard,Hewlett Packard
IRVING OIL,irving_oil,Irving Oil
TPG TECHNOLOGY CONSULTANTS,tpg_technology_consultants,Tpg Technology Consultants
SAP,sap,SAP
MODIS CANADA,modis_canada,Modis Canada
BELL TEXTRON,bell_textron,Bell Textron
RHEINMETALL,rheinmetall,Rheinmetall
UNITED STATES DEPARTMENT OF THE NAVY,united_states_department_of_the_navy,United States Department of the Navy
EXCEL HUMAN RESOURCES,excel_human_resources,Excel Human Resources
TEKSYSTEMS CANADA,teksystems_canada,Teksystems Canada
ACCENTURE,accenture,Accenture
MUFACTOR,mufactor,Mufactor
IBISKA TELECOM,ibiska_telecom,Ibiska Telecom
PARSONS CANADA,parsons_canada,Parsons Canada
FTI PROFESSIONAL GRADE,fti_professional_grade,FTI Professional Grade
TERAMACH TECHNOLOGIES,teramach_technologies,Teramach Technologies
CGI,cgi,CGI
GARTNER,gartner,Gartner
LOGISTIK UNICORP,logistik_unicorp,Logistik Unicorp
SUN LIFE ASSURANCE COMPANY,sun_life_assurance_company,Sun Life Assurance Company
COFOMO,cofomo,Cofomo
ROGERS,rogers,Rogers
VFS GLOBAL,vfs_global,VFS Global
GENERAL MOTORS,general_motors,General Motors
WEIR CANADA,weir_canada,Weir Canada
MAPLESOFT CONSULTING,maplesoft_consulting,Maplesoft Consulting
STANTEC,stantec,Stantec
THORNHILL MEDICAL,thornhill_medical,Thornhill Medical
MCKESSON CANADA,mckesson_canada,McKesson Canada
ADGA GROUP,adga_group,ADGA Group
PETER KIEWIT SONS,peter_kiewit_sons,Peter Kiewit Sons
DONNA CONA,donna_cona,Donna Cona
COLLIERS PROJECT LEADERS,colliers_project_leaders,Colliers Project Leaders
SYSTEMATIX SOLUTIONS,systematix_solutions,Systematix Solutions
MEDAVIE,medavie,Medavie
SUPERMAX HEALTHCARE CANADA,supermax_healthcare_canada,Supermax Healthcare Canada
WEATHERHAVEN CANADA,weatherhaven_canada,Weatherhaven Canada
VIRTUAL POSSIBILITIES DIVISION,virtual_possibilities_division,Virtual Possibilities Division
DECISIVE GROUP,decisive_group,Decisive Group
CANADIAN EMERGENCY VENTILATORS,canadian_emergency_ventilators,Canadian Emergency Ventilators
CDW CANADA,cdw_canada,CDW Canada
LIFELABS,lifelabs,LifeLabs
PAL AEROSPACE,pal_aerospace,PAL Aerospace
LEONARDO,leonardo,Leonardo
CAMPBELL DRUG STORES,campbell_drug_stores,Campbell Drug Stores
CORADIX TECHNOLOGY CONSULTING,coradix_technology_consulting,Coradix Technology Consulting
IMPERIAL OIL,imperial_oil,Imperial Oil
UNITED STATES DEPARTMENT OF THE AIR FORCE,united_states_department_of_the_air_force,United States Department of the Air Force
2KEYS,2keys,2Keys
VMWARE,vmware,VMware
COLT CANADA,colt_canada,Colt Canada
RANDSTAD,randstad,Randstad
SHELL CANADA PRODUCTS,shell_canada_products,Shell Canada Products
STONEWORKS TECHNOLOGIES,stoneworks_technologies,Stoneworks Technologies
SPARTAN BIOSCIENCE,spartan_bioscience,Spartan Bioscience
WORLD FUEL SERVICES,world_fuel_services,World Fuel Services
SAAB,saab,Saab
INSA,insa,Insa
PMG TECHNOLOGIES,pmg_technologies,PMG Technologies
DYNACARE,dynacare,Dynacare
MINDWIRE SYSTEMS,mindwire_systems,Mindwire Systems
HOLMAN FENWICK WILLAN,holman_fenwick_willan,Holman Fenwick Willan
MONERIS,moneris,Moneris
CUBIC DEFENSE APPLICATIONS,cubic_defense_applications,Cubic Defense Applications
ITEX,itex,ITEX
COMPUGEN,compugen,Compugen
OPENTEXT,opentext,OpenText
ATCO,atco,ATCO
ATLANTIC TOWING,atlantic_towing,Atlantic Towing
JOHN HOWARD SOCIETY,john_howard_society,John Howard Society
ALTIS HUMAN RESOURCES,altis_human_resources,Altis Human Resources
ADVANCED CHIPPEWA TECHNOLOGIES,advanced_chippewa_technologies,Advanced Chippewa Technologies
STEPPED CARE SOLUTIONS,stepped_care_solutions,Stepped Care Solutions
CISTEL TECHNOLOGY,cistel_technology,Cistel Technology
NEWDOCK ST JOHN S DOCKYARD,newdock_st_john_s_dockyard,Newdock St John’s Dockyard
EXPRESS SCRIPTS CANADA,express_scripts_canada,Express Scripts Canada
THE AIM GROUP,the_aim_group,The AIM Group
TEKNION,teknion,Teknion
ROCHE DIAGNOSTICS,roche_diagnostics,Roche Diagnostics
WARTSILA,wartsila,Wartsila
GOLDER ASSOCIATES,golder_associates,Golder Associates
INMARSAT SOLUTIONS,inmarsat_solutions,Inmarsat Solutions
TELESAT,telesat,Telesat
AECOM,aecom,AECOM
ZAYO CANADA,zayo_canada,Zayo Canada
CACHE COMPUTER CONSULTING,cache_computer_consulting,Cache Computer Consulting
COMPUTER ASSOCIATES CANADA,computer_associates_canada,Computer Associates Canada
ISOPLEX,isoplex,Isoplex
CANADIAN RED CROSS,canadian_red_cross,Canadian Red Cross
KPMG,kpmg,KPMG
THE STEVENS COMPANY,the_stevens_company,The Stevens Company
SALVATION ARMY,salvation_army,Salvation Army
COMPUCOM CANADA,compucom_canada,Compucom Canada
PURELOGIC,purelogic,PureLogic
FLUID ENERGY GROUP,fluid_energy_group,Fluid Energy Group
HYPERTEC,hypertec,Hypertec
HONEYWELL,honeywell,Honeywell
PETERS CONSTRUCTION,peters_construction,Peters Construction
COMPUTERSHARE INVESTOR SERVICES,computershare_investor_services,Computershare Investor Services
PARKLAND REFINING,parkland_refining,Parkland Refining
LUMINULTRA TECHNOLOGIES,luminultra_technologies,LuminUltra Technologies
IPSS,ipss,IPSS
CLICK NETWORKS,click_networks,Click Networks
OKANAGAN AGGREGATES,okanagan_aggregates,Okanagan Aggregates
INFOSYS,infosys,Infosys
WAZANA CLOTHING,wazana_clothing,Wazana Clothing
DEXTER CONSTRUCTION,dexter_construction,Dexter Construction
TOROMONT,toromont,Toromont
MILESTONE ENVIRONMENTAL,milestone_environmental,Milestone Environmental
TIREE,tiree,Tiree
FEDERAL EXPRESS CANADA,federal_express_canada,Federal Express Canada
ERNST YOUNG,ernst_young,Ernst Young
AMERESCO CANADA,ameresco_canada,Ameresco Canada
BLACK MCDONALD,black_mcdonald,Black McDonald
TES CONTRACT SERVICES,tes_contract_services,TES Contract Services
TELECOM COMPUTER SERVICES,telecom_computer_services,Telecom Computer Services
GARDA SECURITY GROUP,garda_security_group,Garda Security Group
IRON MOUNTAIN,iron_mountain,Iron Mountain
ECLIPSYS SOLUTIONS,eclipsys_solutions,Eclipsys Solutions
DELL COMPUTER,dell_computer,Dell Computer
FFG,ffg,FFG
SIMEX DEFENCE,simex_defence,Simex Defence
SCA SHIPPING CONSULTANTS ASSOCIATED,sca_shipping_consultants_associated,SCA Shipping Consultants Associated
HIKE METAL PRODUCTS,hike_metal_products,Hike Metal Products
COWATERSOGEMA,cowatersogema,CowaterSogema
QUANTUM MANAGEMENT SERVICES,quantum_management_services,Quantum Management Services
XEROX,xerox,Xerox
BROOKFIELD ASSET MANAGEMENT,brookfield_asset_management,Brookfield Asset Management
EBC,ebc,EBC
AEG FUELS,aeg_fuels,AEG Fuels
ONX ENTERPRISE SOLUTIONS,onx_enterprise_solutions,OnX Enterprise Solutions
QINETIQ,qinetiq,QinetiQ
ENGLOBE,englobe,Englobe
ABB,abb,ABB
TOSHIBA CANADA,toshiba_canada,Toshiba Canada
BMC SOFTWARE CANADA,bmc_software_canada,BMC Software Canada
FUJITSU,fujitsu,Fujitsu
WHITE BEAR INDUSTRIES,white_bear_industries,White Bear Industries
TISSEUR,tisseur,Tisseur
ADRM TECHNOLOGY CONSULTING,adrm_technology_consulting,ADRM Technology Consulting
DYNABOOK CANADA,dynabook_canada,Dynabook Canada
G4S SECURITY SERVICES,g4s_security_services,G4S Security Services
PURESPIRIT SOLUTIONS,purespirit_solutions,PureSpirIT Solutions
GLAXOSMITHKLINE,glaxosmithkline,GlaxoSmithKline
SAS INSTITUTE,sas_institute,SAS Institute
METRO LOGISTICS,metro_logistics,Metro Logistics
ELBIT SYSTEMS,elbit_systems,Elbit Systems
ESRI,esri,ESRI
PALADIN GROUP,paladin_group,Paladin Group
BABCOCK INTERNATIONAL GROUP,babcock_international_group,Babcock International Group
GC STRATEGIES,gc_strategies,GC Strategies
HEDDLE MARINE SERVICES,heddle_marine_services,Heddle Marine Services
GRAYBRIDGE INTERNATIONAL CONSULTING,graybridge_international_consulting,Graybridge International Consulting
WOOLLY MAMMOTH OUTERWEAR,woolly_mammoth_outerwear,Woolly Mammoth Outerwear
FCA CANADA,fca_canada,FCA Canada
LUMINA IT,lumina_it,Lumina IT
"NAHANNI CONSTRUCTION",nahanni_construction,Nahanni Construction
BIO NUCLEAR DIAGNOSTICS,bio_nuclear_diagnostics,Bio Nuclear Diagnostics
FLEETWAY,fleetway,Fleetway
VALCOM CONSULTING,valcom_consulting,Valcom Consulting
PROCOM CONSULTANTS,procom_consultants,Procom Consultants
DADS,dads,DADS
PRIMED MEDICAL PRODUCTS,primed_medical_products,PRIMED Medical Products
UNISYS CANADA,unisys_canada,Unisys Canada
11983890 CANADA CENTRE,11983890_canada_centre,11983890 Canada Centre
LIFE TECHNOLOGIES,life_technologies,Life Technologies
PROMAXIS,promaxis,Promaxis
THERMO FISHER SCIENTIFIC,thermo_fisher_scientific,Thermo Fisher Scientific
EIFFAGE INNOVATIVE CANADA,eiffage_innovative_canada,Eiffage Innovative Canada
PROTAK CONSULTING GROUP,protak_consulting_group,Protak Consulting Group
GREENFIELD CONSTRUCTION,greenfield_construction,Greenfield Construction
BOLESS,boless,Boless
RJG CONSTRUCTION,rjg_construction,RJG Construction
APPLIED ELECTONICS,applied_electonics,Applied Electonics
REDACTED,redacted,Redacted
SOFTCHOICE,softchoice,Softchoice
ROUDEL MEDICAL AND SURGICAL,roudel_medical_and_surgical,Roudel Medical and Surgical
CONSTRUCTION DEMATHIEU BARD,construction_demathieu_bard,Construction Demathieu Bard
BUREAU VERITAS,bureau_veritas,Bureau Veritas
UNITED STATES DEPARTMENT OF THE ARMY,united_states_department_of_the_army,United States Department of the Army
SELEX,selex,Selex
BARGREEN ELLINGSON,bargreen_ellingson,Bargreen Ellingson
THE BOEING COMPANY,the_boeing_company,The Boeing Company
LIONBRIDGE,lionbridge,Lionbridge
ADVANCED BUSINESS INTERIORS,advanced_business_interiors,Advanced Business Interiors
RICOH,ricoh,Ricoh
TALIGENT CONSULTING,taligent_consulting,Taligent Consulting
BMT FLEET TECHNOLOGY,bmt_fleet_technology,BMT Fleet Technology
HAMEL CONSTRUCTION,hamel_construction,Hamel Construction
SANTE MONTFORT,sante_montfort,Sante Montfort
SIERRA SYSTEMS GROUP,sierra_systems_group,Sierra Systems Group
INDUSTRIES OCEAN,industries_ocean,Industries Ocean
MCELHANNEY ASSOCIATES,mcelhanney_associates,McElhanney Associates
CORBEL MANAGEMENT,corbel_management,Corbel Management
INKSMITH,inksmith,Inksmith
GABRIELA OLIVEIRA,gabriela_oliveira,Gabriela Oliveira
SLR CONSULTING CANADA,slr_consulting_canada,SLR Consulting Canada
GREEN TIMBERS PARTNERSHIP,green_timbers_partnership,Green Timbers Partnership
FRASER RIVER PILE DREDGE,fraser_river_pile_dredge,Fraser River Pile Dredge
SQUAMISH INDIAN BAND,squamish_indian_band,Squamish Indian Band
QMR,qmr,QMR
ESBE SCIENTIFIC INDUSTRIES,esbe_scientific_industries,ESBE Scientific Industries
BIRD CONSTRUCTION COMPANY,bird_construction_company,Bird Construction Company
"NASITTUQ",nasittuq,Nasittuq
"NAV CANADA",nav_canada,"NAV Canada"
RAYMOND CHABOT GRANT THORNTON,raymond_chabot_grant_thornton,Raymond Chabot Grant Thornton
MLS OVERSEAS,mls_overseas,MLS Overseas
BIRON GROUPE SANTE,biron_groupe_sante,Biron Groupe Sante
MAXIM 2000,maxim_2000,Maxim 2000
WAJAX,wajax,Wajax
WINMAR CANADA INTERNATIONAL,winmar_canada_international,WINMAR Canada International
QM ENVIRONMENTAL,qm_environmental,QM Environmental
CONSTRUCTION LFG,construction_lfg,Construction LFG
TOYOTA,toyota,Toyota
BDO CANADA,bdo_canada,BDO Canada
LOUIS W BRAY CONSTRUCTION,louis_w_bray_construction,Louis W Bray Construction
DRAGAGE OCEAN DSM,dragage_ocean_dsm,Dragage Ocean DSM
DEXTERRA,dexterra,Dexterra
KINETIC CONSTRUCTION,kinetic_construction,Kinetic Construction
DEW ENGINEERING,dew_engineering,DEW Engineering
MOMENTUM SOLUTIONS,momentum_solutions,Momentum Solutions
MAGELLAN AEROSPACE,magellan_aerospace,Magellan Aerospace
HITACHI DATA SYSTEMS,hitachi_data_systems,Hitachi Data Systems
"NATO SEASPARROW SURFACE MISSILE SYSTEM PROJECT",nato_seasparrow_surface_missile_system_project,Nato Seasparrow Surface Missile System Project
IT NET CONSULTANTS,it_net_consultants,IT NET Consultants
GDI SERVICES,gdi_services,GDI Services
CARAHSOFT TECHNOLOGY,carahsoft_technology,Carahsoft Technology
JONELJIM CONCRETE CONSTRUCTION,joneljim_concrete_construction,Joneljim Concrete Construction
EMS TECHNOLOGIES,ems_technologies,EMS Technologies
JOSEPH RIBKOFF,joseph_ribkoff,Joseph Ribkoff
STERLING FUELS,sterling_fuels,Sterling Fuels
ARCHITECTURE 49,architecture_49,Architecture 49
J STERLING INDUSTRIES,j_sterling_industries,J Sterling Industries
MCNALLY CONSTRUCTION,mcnally_construction,McNally Construction
PENN CONSTRUCTION CANADA,penn_construction_canada,Penn Construction Canada
CEGERCO,cegerco,Cegerco
REACTOR ENGINEERING GROUP,reactor_engineering_group,Reactor Engineering Group
NORTHROP GRUMMAN,northrop_grumman,Northrop Grumman
ALLIED SHIPBUILDERS,allied_shipbuilders,Allied Shipbuilders
BIOMERIEUX CANADA,biomerieux_canada,Biomerieux Canada
ENMAX,enmax,ENMAX
CANADIAN MARITIME ENGINEERING,canadian_maritime_engineering,Canadian Maritime Engineering
DALIAN ENTERPRISES,dalian_enterprises,Dalian Enterprises
AMAZON,amazon,Amazon
GRAHAM CONSTRUCTION,graham_construction,Graham Construction
BOMBARDIER,bombardier,Bombardier
BRIDGES OF CANADA,bridges_of_canada,Bridges of Canada
LES ENTREPRISES P E C,les_entreprises_p_e_c,Les Entreprises P E C
ABBOTT,abbott,Abbott
GREATER TORONTO AIRPORT AUTHORITY,greater_toronto_airport_authority,Greater Toronto Airport Authority
MICHAEL WAGER CONSULTING,michael_wager_consulting,Michael Wager Consulting
NUNA EAST,nuna_east,Nuna East
INDUSTRA CONSTRUCTION,industra_construction,Industra Construction
GATESTONE,gatestone,Gatestone
MCKINSEY AND COMPANY,mckinsey_and_company,McKinsey and Company
MGIS,mgis,MGIS
TRM TECHNOLOGIES,trm_technologies,TRM Technologies
CBCI TELECOM,cbci_telecom,CBCI Telecom
ZODIAC HURRICANE TECHNOLOGIES,zodiac_hurricane_technologies,Zodiac Hurricane Technologies
TETRA TECH,tetra_tech,Tetra Tech
NORR,norr,NORR
KYNDRYL CANADA,kyndryl_canada,Kyndryl Canada
STRYKER CANADA,stryker_canada,Stryker Canada
SOUTHWEST RESEARCH INSTITUTE,southwest_research_institute,Southwest Research Institute
GROUPE GEYSER,groupe_geyser,Groupe Geyser
DILLON CONSULTING,dillon_consulting,Dillon Consulting
SMITHS DETECTION,smiths_detection,Smiths Detection
DATA COMMUNICATIONS MANAGEMENT,data_communications_management,Data Communications Management
FELIX TECHNOLOGY,felix_technology,Felix Technology
MTS ALLSTREAM,mts_allstream,MTS Allstream
VERREAULT NAVIGATION,verreault_navigation,Verreault Navigation
DECAREL,decarel,Decarel
IMPERIAL CLEANERS,imperial_cleaners,Imperial Cleaners
COMBAT NETWORKS,combat_networks,Combat Networks
CEPHEID,cepheid,Cepheid
AGILENT,agilent,Agilent
UTILITIES KINGSTON,utilities_kingston,Utilities Kingston
GEORGE COUREY,george_courey,George Courey
JOSEPH ELIE,joseph_elie,Joseph Elie
KONGSBERG,kongsberg,Kongsberg
KNAPPETT INDUSTRIES,knappett_industries,Knappett Industries
BAYSHORE HEALTHCARE,bayshore_healthcare,Bayshore Healthcare
ARCHITECTURE EVOQ,architecture_evoq,Architecture EVOQ
VANCOUVER DRYDOCK COMPANY,vancouver_drydock_company,Vancouver Drydock Company
MNP,mnp,MNP
AMD MEDICOM,amd_medicom,AMD Medicom
TRANSWEST AIR,transwest_air,Transwest Air
CON PRO INDUSTRIES CANADA,con_pro_industries_canada,Con Pro Industries Canada
ADOBE,adobe,Adobe
AGRITEAM CANADA,agriteam_canada,Agriteam Canada
SANEXEN SERVICES ENVIRONMENTAUX,sanexen_services_environmentaux,Sanexen Services Environmentaux
SANI SABLE LB,sani_sable_lb,Sani Sable LB
SCANSA CONSTRUCTION,scansa_construction,Scansa Construction
CANADIAN BUREAU FOR INTERNATIONAL EDUCATION,canadian_bureau_for_international_education,Canadian Bureau for International Education
L AGENCE,l_agence,L Agence
SOUCY INTERNATIONAL,soucy_international,Soucy International
KUDLIK CONSTRUCTION,kudlik_construction,Kudlik Construction
ULTRA ELECTRONICS,ultra_electronics,Ultra Electronics
METRO PAVING AND ROAD BUILDING,metro_paving_and_road_building,Metro Paving and Road Building
CA,ca,CA
EMERGENT BIOSOLUTIONS,emergent_biosolutions,Emergent Biosolutions
SAMSON ASSOCIES,samson_associes,Samson Associes
AVI SPL CANADA,avi_spl_canada,AVI SPL Canada
PENNECON,pennecon,Pennecon
BUTTCON,buttcon,Buttcon
PACIFIC SAFETY PRODUCTS,pacific_safety_products,Pacific Safety Products
ENTREPRISE DE CONSTRUCTION T E Q,entreprise_de_construction_t_e_q,Entreprise de Construction T E Q
BLUMETRIC ENVIRONMENTAL,blumetric_environmental,Blumetric Environmental
SOLOTECH,solotech,Solotech
SIEMENS,siemens,Siemens
CIMA,cima,CIMA
PRECISIONIT,precisionit,PrecisionIT
ROSCOE CONSTRUCTION,roscoe_construction,Roscoe Construction
JANKEL TACTICAL SYSTEMS,jankel_tactical_systems,Jankel Tactical Systems
CONSTRUCTION CYBCO,construction_cybco,Construction Cybco
EMCON SERVICES,emcon_services,Emcon Services
EXXONMOBIL,exxonmobil,ExxonMobil
BRONSWERK MARINE,bronswerk_marine,Bronswerk Marine
ORANGUTECH,orangutech,Orangutech
AEREX AVIONICS,aerex_avionics,AEREX Avionics
AVONDALE CONSTRUCTION,avondale_construction,Avondale Construction
MARINE RECYCLING,marine_recycling,Marine Recycling
NOTRA,notra,Notra
WILCO CONTRACTORS SOUTHWEST,wilco_contractors_southwest,Wilco Contractors Southwest
FRANNAN INTERNATIONAL,frannan_international,Frannan International
WOODWARD S OIL,woodward_s_oil,Woodward’s Oil
EBSCO CANADA,ebsco_canada,EBSCO Canada
HARNOIS ENERGIES,harnois_energies,Harnois Energies
ATWILL MORIN,atwill_morin,Atwill Morin
JOHNSON S CONSTRUCTION,johnson_s_construction,Johnson’s Construction
SYSTEMSCOPE,systemscope,Systemscope
QUINAN CONSTRUCTION,quinan_construction,Quinan Construction
ARCADIS CANADA,arcadis_canada,Arcadis Canada
ILLUMINA CANADA,illumina_canada,Illumina Canada
WORLD UNIVERSITY SERVICE OF CANADA,world_university_service_of_canada,World University Service of Canada
FAIRBANKS MORSE ENGINE,fairbanks_morse_engine,Fairbanks Morse Engine
METOCEAN TELEMATICS,metocean_telematics,Metocean Telematics
TITAN AEX,titan_aex,Titan AEX
MUSTANG SURVIVAL,mustang_survival,Mustang Survival
PENNANT CANADA,pennant_canada,Pennant Canada
LANGUAGE RESEARCH DEVELOPMENT GROUP,language_research_development_group,Language Research Development Group
QUOREX CONSTRUCTION SERVICES,quorex_construction_services,Quorex Construction Services
ST DENIS THOMPSON,st_denis_thompson,St Denis Thompson
BLACKBERRY,blackberry,Blackberry
LS TELCOM,ls_telcom,LS telcom
BRONTE CONSTRUCTION,bronte_construction,Bronte Construction
TRANSPOLAR TECHNOLOGY,transpolar_technology,Transpolar Technology
SEQIRUS CANADA,seqirus_canada,Seqirus Canada
J W LINDSAY ENTERPRISES,j_w_lindsay_enterprises,J W Lindsay Enterprises
UNISOURCE,unisource,Unisource
WATERS,waters,Waters
ZUTPHEN CONTRACTOR,zutphen_contractor,Zutphen Contractor
TERVITA,tervita,Tervita
ELSEVIER,elsevier,Elsevier
LLOYD S REGISTER CANADA,lloyd_s_register_canada,Lloyd’s Register Canada
EAGLE PROFESSIONAL RESOURCES,eagle_professional_resources,Eagle Professional Resources
HAZELWOOD CONSTRUCTION SERVICES,hazelwood_construction_services,Hazelwood Construction Services
AMAN BUILDERS,aman_builders,Aman Builders
VECTOR AEROSPACE,vector_aerospace,Vector Aerospace
STANFIELDS,stanfields,Stanfields
TOTEM OFFISOURCE,totem_offisource,Totem Offisource
CHANTIER NAVAL FORILLON,chantier_naval_forillon,Chantier Naval Forillon
J 1 CONTRACTING,j_1_contracting,J 1 Contracting
PANASONIC,panasonic,Panasonic
MACKINNON AND OLDING,mackinnon_and_olding,MacKinnon and Olding
TORONTO STAMP,toronto_stamp,Toronto Stamp
MAXSYS STAFFING AND CONSULTING,maxsys_staffing_and_consulting,Maxsys Staffing and Consulting
UNIVERSITY OF TORONTO,university_of_toronto,University of Toronto
MOORE CANADA,moore_canada,Moore Canada
PEERLESS GARMENTS,peerless_garments,Peerless Garments
LAURENTIAN TECHNOLOGIES,laurentian_technologies,Laurentian Technologies
THE RIGHT DOOR CONSULTING,the_right_door_consulting,The Right Door Consulting
LEC ENGINEERING CONTRACTING,lec_engineering_contracting,LEC Engineering Contracting
GENERAL ELECTRIC CANADA,general_electric_canada,General Electric Canada
WILDSTONE CONSTRUCTION,wildstone_construction,Wildstone Construction
MAXIMUS CANADA,maximus_canada,Maximus Canada
COREBUILD CONSTRUCTION,corebuild_construction,Corebuild Construction
WOOD CANADA,wood_canada,Wood Canada
TRANSTEC,transtec,TransTec
FVB ENERGY,fvb_energy,FVB Energy
EMMONS MITCHELL CONSTRUCTION,emmons_mitchell_construction,Emmons Mitchell Construction
HAWBOLDT INDUSTRIES,hawboldt_industries,Hawboldt Industries
SOMOS,somos,Somos
SUNCOR ENERGY,suncor_energy,Suncor Energy
SASKTEL,sasktel,SaskTel
UBIQUS CANADA,ubiqus_canada,Ubiqus Canada
GUNTER LANGKOPF MASCHINENBAU,gunter_langkopf_maschinenbau,Gunter Langkopf Maschinenbau
GENESIS INTEGRATION,genesis_integration,Genesis Integration
"NATIONS TRANSLATION GROUP",nations_translation_group,Nations Translation Group
INTEGRA NETWORKS,integra_networks,Integra Networks
GROUPE ROBERT,groupe_robert,Groupe Robert
NORTHWESTEL,northwestel,Northwestel
MISHKUMI TECHNOLOGIES,mishkumi_technologies,Mishkumi Technologies
EMIL ANDERSON CONSTRUCTION,emil_anderson_construction,Emil Anderson Construction
THE MASHA KRUPP TRANSLATION GROUP,the_masha_krupp_translation_group,The Masha Krupp Translation Group
851791 NWT,851791_nwt,851791 NWT
REPARATIONS NAVALES ET INDUSTRIELLES OCEAN,reparations_navales_et_industrielles_ocean,Reparations Navales et Industrielles Ocean
NEWFOUND RECRUITING,newfound_recruiting,Newfound Recruiting
D F S,d_f_s,D F S
MCW CUSTOM ENERGY SOLUTIONS,mcw_custom_energy_solutions,MCW Custom Energy Solutions
KING HOE EXCAVATING,king_hoe_excavating,King Hoe Excavating
PYLON ELECTRONICS,pylon_electronics,Pylon Electronics
R E GILMORE INVESTMENTS,r_e_gilmore_investments,R E Gilmore Investments
HFI PYROTECHNICS,hfi_pyrotechnics,HFI Pyrotechnics
BANCTEC CANADA,banctec_canada,BancTec Canada
CITRIX,citrix,Citrix
ENTRUST,entrust,Entrust
DAWSON CONSTRUCTION,dawson_construction,Dawson Construction
APRON FUEL SERVICES,apron_fuel_services,Apron Fuel Services
KENN BOREK AIR,kenn_borek_air,Kenn Borek Air
CANON,canon,Canon
M SULLIVAN SON,m_sullivan_son,M Sullivan Son
SITE ENERGY SERVICES,site_energy_services,Site Energy Services
9006 9311 QUEBEC,9006_9311_quebec,9006 9311 Quebec
DIRECT ENERGY BUSINESS,direct_energy_business,Direct Energy Business
TESTFORCE SYSTEMS,testforce_systems,Testforce Systems
2220742 ONTARIO,2220742_ontario,2220742 Ontario
IIC TECHNOLOGIES,iic_technologies,IIC Technologies
DIAMOND AND SCHMITT ARCHITECTS,diamond_and_schmitt_architects,Diamond and Schmitt Architects
CYMI CANADA,cymi_canada,CYMI Canada
SILLIKER,silliker,Silliker
UNIVERSITY OF OTTAWA,university_of_ottawa,University of Ottawa
BEAVER AIR CHARTER CONSULTANTS,beaver_air_charter_consultants,Beaver Air Charter Consultants
CAN AM PLATFORMS CONSTRUCTION,can_am_platforms_construction,CAN AM Platforms Construction
COWI NORTH AMERICA,cowi_north_america,COWI North America
COADY CONSTRUCTION EXCAVATING,coady_construction_excavating,Coady Construction Excavating
CLOSEREACH,closereach,CloseReach
CANADIAN BORDER OPERATIONS,canadian_border_operations,Canadian Border Operations
INTER OUTAOUAIS,inter_outaouais,Inter Outaouais
M D CHARLTON,m_d_charlton,M D Charlton
OPSIS,opsis,OPSIS
HOSKIN SCIENTIFIC,hoskin_scientific,Hoskin Scientific
BONDFIELD CONSTRUCTION COMPANY,bondfield_construction_company,Bondfield Construction Company
WRIGHT CONSTRUCTION WESTERN,wright_construction_western,Wright Construction Western
TANGLE RIDGE CUSTOM CRUSHING,tangle_ridge_custom_crushing,Tangle Ridge Custom Crushing
THE HALIFAX COMPUTER CONSULTING GROUP,the_halifax_computer_consulting_group,The Halifax Computer Consulting Group
COMMVAULT SYSTEMS,commvault_systems,Commvault Systems
PERCEPTICS,perceptics,Perceptics
529040 ONTARIO AND 880382,529040_ontario_and_880382,529040 Ontario and 880382
FLOYD S CONSTRUCTION,floyd_s_construction,Floyd’s Construction
CISION CANADA,cision_canada,Cision Canada
INTEROUTE CONSTRUCTION,interoute_construction,Interoute Construction
TURNER TOWNSEND,turner_townsend,Turner Townsend
PRIMEX PROJECT MANAGEMENT,primex_project_management,PRIMEX Project Management
QUEEN S UNIVERSITY,queen_s_university,Queen’s University
E D BRUNET ET ASSOCIES CANADA,e_d_brunet_et_associes_canada,E D Brunet et Associes Canada
SECURIGUARD SERVICES,securiguard_services,Securiguard Services
SECUREKEY TECHNOLOGIES,securekey_technologies,SecureKey Technologies
HEMMERA ENVIROCHEM,hemmera_envirochem,Hemmera Envirochem
MDOS CONSULTING,mdos_consulting,MDOS Consulting
NORTAC DEFENCE,nortac_defence,NORTAC Defence
UNIVERSITY OF WATERLOO,university_of_waterloo,University of Waterloo
CALKO GROUP,calko_group,Calko Group
HARRIS TRANSPORT,harris_transport,Harris Transport
MAKWA RESOURCING,makwa_resourcing,Makwa Resourcing
JOWA FAHRZEUGTEILE VERTRIEBS,jowa_fahrzeugteile_vertriebs,Jowa Fahrzeugteile Vertriebs
GREY ROCK SERVICES,grey_rock_services,Grey Rock Services
DNR CONSULTING GROUP,dnr_consulting_group,DNR Consulting Group
ENVIROSAFE JANITORIAL,envirosafe_janitorial,EnviroSafe Janitorial
MICRONOSTYX,micronostyx,Micronostyx
GROUPE ENERGIE BDL,groupe_energie_bdl,Groupe Energie BDL
MID VALLEY CONSTRUCTION,mid_valley_construction,Mid Valley Construction
THOMSON REUTERS,thomson_reuters,Thomson Reuters
REPUBLIC ARCHITECTURE,republic_architecture,Republic Architecture
APPAREL TRIMMINGS,apparel_trimmings,Apparel Trimmings
MACONNERIE DYNAMIQUE,maconnerie_dynamique,Maconnerie Dynamique
ZYCOM,zycom,Zycom
TRAINOR MECHANICAL CONTRACTORS,trainor_mechanical_contractors,Trainor Mechanical Contractors
SPRINGER VERLAG,springer_verlag,Springer Verlag
KRAUSS MAFFEI WEGMANN,krauss_maffei_wegmann,Krauss Maffei Wegmann
OPTIV CANADA FEDERAL,optiv_canada_federal,Optiv Canada Federal
NEPTEC DESIGN GROUP,neptec_design_group,Neptec Design Group
QUAD PRO CONSTRUCTION,quad_pro_construction,Quad Pro Construction
MILLER PAVING,miller_paving,Miller Paving
RAMPART INTERNATIONAL,rampart_international,Rampart International
SIMPLEX GRINNELL,simplex_grinnell,Simplex Grinnell
ALMIQ CONTRACTING,almiq_contracting,Almiq Contracting
BAE SYSTEMS,bae_systems,BAE Systems
VERITAS TECHNOLOGIES,veritas_technologies,Veritas Technologies
AMEC FOSTER WHEELER AMERICAS,amec_foster_wheeler_americas,Amec Foster Wheeler Americas
SALESFORCE CANADA,salesforce_canada,Salesforce Canada
UNITED STATES DEPARTMENT OF DEFENCE,united_states_department_of_defence,United States Department of Defence
AERO FEU,aero_feu,Aero Feu
BARRIE MACKAY CONTRACTING,barrie_mackay_contracting,Barrie MacKay Contracting
LEVITT SAFETY,levitt_safety,Levitt Safety
SOLUDOC,soludoc,Soludoc
CANADIAN HELICOPTERS,canadian_helicopters,Canadian Helicopters
ADP CANADA,adp_canada,ADP Canada
AV TECH,av_tech,AV Tech
VVI CONSTRUCTION,vvi_construction,VVI Construction
PRONEX EXCAVATION,pronex_excavation,Pronex Excavation
MEDTRONIC CANADA,medtronic_canada,Medtronic Canada
MATCON ENVIRONMENTAL,matcon_environmental,Matcon Environmental
GLOBAL UPHOLSTERY,global_upholstery,Global Upholstery
ASBEX,asbex,Asbex
GETINGE CANADA,getinge_canada,Getinge Canada
ALLIANT TECHSYSTEMS OPERATIONS,alliant_techsystems_operations,Alliant Techsystems Operations
CONEXSYS,conexsys,CONEXSYS
CONSTRUCTION DERIC,construction_deric,Construction Deric
MORIYAMA TESHIMA ARCHITECTS,moriyama_teshima_architects,Moriyama Teshima Architects
CO VEN,co_ven,Co Ven
PATLON AIRCRAFT INDUSTRIES,patlon_aircraft_industries,Patlon Aircraft Industries
CARLETON UNIVERSITY,carleton_university,Carleton University
POINT HOPE MARITIME,point_hope_maritime,Point Hope Maritime
GLASSHOUSE SYSTEMS,glasshouse_systems,GlassHouse Systems
NORTH AMERICA CONSTRUCTION,north_america_construction,North America Construction
TRUDELL HEALTHCARE SOLUTIONS,trudell_healthcare_solutions,Trudell Healthcare Solutions
SUTHERLAND EXCAVATING,sutherland_excavating,Sutherland Excavating
PRECISION ADM,precision_adm,Precision ADM
GREAT SLAVE HELICOPTERS,great_slave_helicopters,Great Slave Helicopters
SUPREMEX,supremex,SupremeX
CUMMINS CANADA,cummins_canada,Cummins Canada
NISSAN CANADA,nissan_canada,Nissan Canada
VAN KAPPEL INTERNATIONAL,van_kappel_international,Van Kappel International
ARTEX SPORTSWEAR,artex_sportswear,Artex Sportswear
THE CANADA LIFE ASSURANCE COMPANY,the_canada_life_assurance_company,The Canada Life Assurance Company
GEMTEC,gemtec,Gemtec
MINISTRY OF FINANCE,ministry_of_finance,Ministry of Finance
ALVA CONSTRUCTION,alva_construction,Alva Construction
M D STEELE CONSTRUCTION,m_d_steele_construction,M D Steele Construction
"NADINE INTERNATIONAL",nadine_international,Nadine International
MERIDIAN MEDICAL TECHNOLOGIES,meridian_medical_technologies,Meridian Medical Technologies
GLOBAL LIFE SCIENCES SOLUTIONS,global_life_sciences_solutions,Global Life Sciences Solutions
CANADA POST,canada_post,Canada Post
BRIQUETAL,briquetal,Briquetal
TITANIUM CONSTRUCTION,titanium_construction,Titanium Construction
EMPOWERED NETWORKS,empowered_networks,Empowered Networks
MAN ENERGY SOLUTIONS CANADA,man_energy_solutions_canada,MAN Energy Solutions Canada
CONTRACT COMMUNITY,contract_community,Contract Community
SOCIETE EMMANUEL GREGOIRE,societe_emmanuel_gregoire,Societe Emmanuel Gregoire
PACIFIC INDUSTRIAL MARINE,pacific_industrial_marine,Pacific Industrial Marine
ACT,act,ACT
ANCHOR QEA,anchor_qea,Anchor QEA
DE ANGELIS CONSTRUCTION,de_angelis_construction,De Angelis Construction
JOHNSON CONTROLS CANADA,johnson_controls_canada,Johnson Controls Canada
OEI KRUEGER,oei_krueger,OEI Krueger
MEGA TECH,mega_tech,Mega Tech
BERVIN CONSTRUCTION,bervin_construction,Bervin Construction
PRINTERS PLUS,printers_plus,Printers Plus
ASOKAN BUSINESS INTERIORS,asokan_business_interiors,Asokan Business Interiors
DCL CONSTRUCTION SERVICES,dcl_construction_services,DCL Construction Services
ARTEMP PERSONNEL SERVICES,artemp_personnel_services,Artemp Personnel Services
TRANSCONTINENTAL PRINTING,transcontinental_printing,Transcontinental Printing
CERIDIAN,ceridian,Ceridian
WPP GROUP CANADA COMMUNICATIONS,wpp_group_canada_communications,WPP Group Canada Communications
ST LEONARDS PLACE PEEL,st_leonards_place_peel,St Leonard’s Place Peel
URBAN VALLEY TRANSPORT,urban_valley_transport,Urban Valley Transport
NOVA SCOTIA POWER,nova_scotia_power,Nova Scotia Power
CBCL,cbcl,CBCL
PALFINGER MARINE,palfinger_marine,PALFINGER Marine
CANADIAN LEASEBACK,canadian_leaseback,Canadian Leaseback
DELCO AUTOMATION,delco_automation,Delco Automation
PAVEX,pavex,Pavex
BAXTER,baxter,Baxter
I4C INFORMATION TECHNOLOGY,i4c_information_technology,I4C Information Technology
B R ENTERPRISES,b_r_enterprises,B R Enterprises
"NAVPOINT CONSULTING GROUP",navpoint_consulting_group,Navpoint Consulting Group
ARDENT GLOBAL,ardent_global,Ardent Global
AMEX BANK OF CANADA,amex_bank_of_canada,Amex Bank of Canada
KEYSTONE ENVIRONMENTAL,keystone_environmental,Keystone Environmental
R R INTERNATIONAL TRANSLATION,r_r_international_translation,R R International Translation
MERCEDES BENZ CANADA,mercedes_benz_canada,Mercedes Benz Canada
NORTH ATLANTIC PETROLEUM,north_atlantic_petroleum,North Atlantic Petroleum
INDIVIOR UK,indivior_uk,Indivior UK
IFATHOM,ifathom,iFathom
RGT CLOUTHIER CONSTRUCTION,rgt_clouthier_construction,RGT Clouthier Construction
STRONG BROS GENERAL CONTRACTING,strong_bros_general_contracting,Strong Bros General Contracting
ASSOCIATED ENGINEERING,associated_engineering,Associated Engineering
GESTION AJ,gestion_aj,Gestion AJ
HOULE ELECTRIC,houle_electric,Houle Electric
INTER MEDICO,inter_medico,Inter Medico
TYCO INTEGRATED FIRE SECURITY,tyco_integrated_fire_security,Tyco Integrated Fire Security
ISM INFORMATION SYSTEMS MANAGEMENT,ism_information_systems_management,ISM Information Systems Management
AIRBORNE SYSTEMS,airborne_systems,Airborne Systems
EXCAVATION RENE ST PIERRE ENG,excavation_rene_st_pierre_eng,Excavation Rene St Pierre Eng
FIRST PEOPLES INFRA,first_peoples_infra,First Peoples Infra
GEOSPECTRUM TECHNOLOGIES,geospectrum_technologies,GeoSpectrum Technologies
SERVICE STAR BUILDING CLEANING,service_star_building_cleaning,Service Star Building Cleaning
JASCO APPLIED SCIENCES CANADA,jasco_applied_sciences_canada,JASCO Applied Sciences Canada
GRIFFIN ENGINEERED SYSTEMS,griffin_engineered_systems,Griffin Engineered Systems
ARI FINANCIAL SERVICES,ari_financial_services,ARI Financial Services
INNOVASEA MARINE SYSTEMS CANADA,innovasea_marine_systems_canada,Innovasea Marine Systems Canada
CANADIAN VETERANS VR SERVICE,canadian_veterans_vr_service,Canadian Veterans VR Service
CWP CONSTRUCTORS,cwp_constructors,CWP Constructors
CONFECTION AVENTURE,confection_aventure,Confection Aventure
MEGGITT,meggitt,Meggitt
ARUP CANADA,arup_canada,Arup Canada
"NATIONAL TEST PILOT SCHOOL",national_test_pilot_school,National Test Pilot School
ACKLANDS GRAINGER,acklands_grainger,Acklands Grainger
MOBILE VALVE,mobile_valve,Mobile Valve
AVJET HOLDING,avjet_holding,AVJET Holding
DSS MARINE,dss_marine,DSS Marine
CELEB CONSTRUCTION,celeb_construction,Celeb Construction
NDL CONSTRUCTION,ndl_construction,NDL Construction
CRANDALL ENGINEERING,crandall_engineering,Crandall Engineering
FIA GROUP,fia_group,Fia Group
BLUE WATER SYSTEM,blue_water_system,Blue Water System
"NAVAMAR",navamar,Navamar
TSUU T INA CONTRACTING GP,tsuu_t_ina_contracting_gp,Tsuut’ina Contracting GP
GROUPE ONSCOPE,groupe_onscope,Groupe Onscope
VWR INTERNATIONAL,vwr_international,VWR International
PROSCI CANADA,prosci_canada,Prosci Canada
WORKDYNAMICS TECHNOLOGIES,workdynamics_technologies,WorkDynamics Technologies
VANRX PHARMASYSTEMS,vanrx_pharmasystems,Vanrx Pharmasystems
COLUMBIA FUELS,columbia_fuels,Columbia Fuels
C CORE,c_core,C Core
KANTER MARINE,kanter_marine,Kanter Marine
BROADNET TELECOM,broadnet_telecom,Broadnet Telecom
MADSEN DIESEL TURBINE,madsen_diesel_turbine,Madsen Diesel Turbine
KEYSTONE SUPPLIES INTERNATIONAL,keystone_supplies_international,Keystone Supplies International
SDL INTERNATIONAL CANADA,sdl_international_canada,SDL International Canada
MORNEAU SHEPELL,morneau_shepell,Morneau Shepell
CULLEN DIESEL POWER,cullen_diesel_power,Cullen Diesel Power
R J MACISAAC CONSTRUCTION,r_j_macisaac_construction,R J MacIsaac Construction
MERCK FROSST,merck_frosst,Merck Frosst
IBI GROUP ARCHITECTS CANADA,ibi_group_architects_canada,IBI Group Architects Canada
7305516 CANADA,7305516_canada,7305516 Canada
ALS CANADA,als_canada,ALS Canada
ECOLE DE LANGUES LA CITE,ecole_de_langues_la_cite,Ecole De Langues La Cite
CHANDOS CONSTRUCTION,chandos_construction,Chandos Construction
WORLD UNIVERSITY CONSORTIUM,world_university_consortium,World University Consortium
JHT DEFENSE,jht_defense,JHT Defense
DAVID S LAFLAMME CONSTRUCTION,david_s_laflamme_construction,David S Laflamme Construction
RENK,renk,Renk
NITAM SOLUTIONS,nitam_solutions,Nitam Solutions
ALLIED PAVING,allied_paving,Allied Paving
ST LEONARD S COMMUNITY SERVICES,st_leonard_s_community_services,St Leonard’s Community Services
AQUA LUNG CANADA,aqua_lung_canada,Aqua Lung Canada
UNIVERSITY OF CALGARY,university_of_calgary,University of Calgary
ADVANCED PARAMEDIC,advanced_paramedic,Advanced Paramedic
CANAM PONTS CANADA,canam_ponts_canada,Canam Ponts Canada
THE VCAN GROUP,the_vcan_group,The VCAN Group
BANFIELD SEGUIN,banfield_seguin,Banfield Seguin
MED ENG HOLDINGS,med_eng_holdings,Med Eng Holdings
ST LEONARD S SOCIETY HAMILTON,st_leonard_s_society_hamilton,St Leonard’s Society Hamilton
MASKIMO CONSTRUCTION,maskimo_construction,Maskimo Construction
JIM PATTISON INDUSTRIES,jim_pattison_industries,Jim Pattison Industries
MACEWEN PETROLEUM,macewen_petroleum,MacEwen Petroleum
LYNLEY CONTRACTING SERVICES,lynley_contracting_services,Lynley Contracting Services
CANADIAN BASE OPERATORS,canadian_base_operators,Canadian Base Operators
LES HUILES DESROCHES,les_huiles_desroches,Les Huiles Desroches
METALCRAFT MARINE,metalcraft_marine,Metalcraft Marine
PR3 MEDIAS,pr3_medias,PR3 Medias
LESLIE BENN CONTRACTING,leslie_benn_contracting,Leslie Benn Contracting
DST CONSULTING ENGINEERS,dst_consulting_engineers,DST Consulting Engineers
SED SYSTEMS,sed_systems,Sed Systems
9090 5092 QUEBEC,9090_5092_quebec,9090 5092 Quebec
PROOF EXPERIENCES,proof_experiences,Proof Experiences
MITSUBISHI MOTOR SALES,mitsubishi_motor_sales,Mitsubishi Motor Sales
SHARP ELECTRONICS,sharp_electronics,Sharp Electronics
OPTIMUM SOLUTIONS,optimum_solutions,Optimum Solutions
DHL EXPRESS CANADA,dhl_express_canada,DHL Express Canada
EMMANUEL CONSTRUCTION SERVICES,emmanuel_construction_services,Emmanuel Construction Services
SOFTSIM TECHNOLOGIES,softsim_technologies,Softsim Technologies
SUBARU CANADA,subaru_canada,Subaru Canada
D4IS SOLUTIONS,d4is_solutions,D4IS Solutions
AON REED STENHOUSE,aon_reed_stenhouse,Aon Reed Stenhouse
HITRAC,hitrac,Hitrac
CONSTRUCTION BUGERE,construction_bugere,Construction Bugere
NORTRAX CANADA,nortrax_canada,Nortrax Canada
BEST SERVICE PROS,best_service_pros,Best Service Pros
MEGALEXIS COMMUNICATIONS,megalexis_communications,Megalexis Communications
CCR CONSTRUCTION,ccr_construction,CCR Construction
DRAEGER,draeger,Draeger
MACONNERIE RAINVILLE ET FRERES,maconnerie_rainville_et_freres,Maconnerie Rainville et Freres
AINSWORTH,ainsworth,Ainsworth
BMC SOFTWARE,bmc_software,Bmc Software
E CONSTRUCTION,e_construction,E Construction
POLARIS INDUSTRIES,polaris_industries,Polaris Industries
HEAVY METAL MARINE,heavy_metal_marine,Heavy Metal Marine
BLUEWAVE ENERGY,bluewave_energy,Bluewave Energy
STANLEY CONSTRUCTION,stanley_construction,Stanley Construction
DALHOUSIE UNIVERSITY,dalhousie_university,Dalhousie University
WESTCOAST GENESIS SOCIETY,westcoast_genesis_society,Westcoast Genesis Society
ST GELAIS MONTMINY ASSOCIES,st_gelais_montminy_associes,St Gelais Montminy Associes
MASONTECH,masontech,Masontech
MARINE CONTRACTORS,marine_contractors,Marine Contractors
UNIVERSITY OF GUELPH,university_of_guelph,University of Guelph
10647802 CANADA,10647802_canada,10647802 Canada
BRETON MICHEL MD,breton_michel_md,Breton Michel MD
CONSTRUCTION COTE FILS,construction_cote_fils,Construction Cote Fils
INFO TECH RESEARCH GROUP,info_tech_research_group,Info Tech Research Group
GRAND TOY,grand_toy,Grand Toy
CANADIAN PAEDIATRIC SOCIETY,canadian_paediatric_society,Canadian Paediatric Society
ACCESS 2 NETWORKS,access_2_networks,Access 2 Networks
B T L CONSTRUCTION,b_t_l_construction,B T L Construction
BOMIMED,bomimed,BOMImed
JEMTEC,jemtec,Jemtec
TOURE CLEANING SERVICES,toure_cleaning_services,Toure Cleaning Services
KANIYASIHK CULTURE CAMPS,kaniyasihk_culture_camps,Kaniyasihk Culture Camps
DASCO EQUIPMENT,dasco_equipment,DASCO Equipment
PROQUEST,proquest,ProQuest
DEFENCE CONSTRUCTION CANADA,defence_construction_canada,Defence Construction Canada
KONICA MINOLTA BUSINESS SOLUTIONS,konica_minolta_business_solutions,Konica Minolta Business Solutions
CONSTRUCTION J R SAVARD,construction_j_r_savard,Construction J R Savard
MCKNIGHT ENTERPRISES,mcknight_enterprises,Mcknight Enterprises
LES TRADUCTIONS TESSIER,les_traductions_tessier,Les Traductions Tessier
GOSS GILROY,goss_gilroy,Goss Gilroy
INTEGRATED DISTRIBUTION SYSTEMS,integrated_distribution_systems,Integrated Distribution Systems
LOWE MARTIN COMPANY,lowe_martin_company,Lowe Martin Company
EASTPOINT ENGINEERING,eastpoint_engineering,Eastpoint Engineering
PETROVALUE PRODUCTS,petrovalue_products,PetroValue Products
TUNDRA TECHNICAL SOLUTIONS,tundra_technical_solutions,Tundra Technical Solutions
LES CONSTRUCTIONS BINET,les_constructions_binet,Les Constructions Binet
MARKLAND PAVING,markland_paving,Markland Paving
BELL AND HOWELL CANADA,bell_and_howell_canada,Bell and Howell Canada
ABS AMERICAS,abs_americas,ABS Americas
GO DEEP INTERNATIONAL,go_deep_international,Go Deep International
K C E CONSTRUCTION,k_c_e_construction,K C E Construction
STRATOS,stratos,Stratos
FN HERSTAL,fn_herstal,FN Herstal
COASTAL RESTORATION MASONRY,coastal_restoration_masonry,Coastal Restoration Masonry
GILMORE REPRODUCTIONS,gilmore_reproductions,Gilmore Reproductions
PETRO AIR SERVICES,petro_air_services,Petro Air Services
WILLS TRANSFER,wills_transfer,Wills Transfer
EVEREST CONSTRUCTION MANAGEMENT,everest_construction_management,Everest Construction Management
ALLIANCE ENERGY,alliance_energy,Alliance Energy
"NAUT MAWT TRIBAL COUNCIL",naut_mawt_tribal_council,Naut’sa mawt Tribal Council
PERSISTENT SYSTEMS,persistent_systems,Persistent Systems
TURTLE ISLAND STAFFING,turtle_island_staffing,Turtle Island Staffing
HARBOURSIDE ENGINEERING CONSULTANTS,harbourside_engineering_consultants,Harbourside Engineering Consultants
VAISALA CANADA,vaisala_canada,Vaisala Canada
TACS,tacs,TACS
VANCOUVER AIRPORT AUTHORITY,vancouver_airport_authority,Vancouver Airport Authority
WESTCOMB OUTERWEAR,westcomb_outerwear,Westcomb Outerwear
AIM HEALTH GROUP,aim_health_group,AIM Health Group
NORDMEC CONSTRUCTION,nordmec_construction,NORDMEC Construction
LEO PISCES SERVICES GROUP,leo_pisces_services_group,Leo Pisces Services Group
AFN ENGINEERING,afn_engineering,AFN Engineering
VISA SERVICES,visa_services,Visa Services
BROADWATER INDUSTRIES,broadwater_industries,Broadwater Industries
DF BARNES SERVICES,df_barnes_services,DF Barnes Services
ROXBORO EXCAVATION,roxboro_excavation,Roxboro Excavation
ACME FUTURE SECURITY CONTROLS,acme_future_security_controls,Acme Future Security Controls
KMS INDUSTRIES,kms_industries,KMS Industries
VAN HORNE CONSTRUCTION,van_horne_construction,Van Horne Construction
JONES LANG LASALLE,jones_lang_lasalle,Jones Lang Lasalle
DYNAMIC PERSONNEL CONSULTANTS,dynamic_personnel_consultants,Dynamic Personnel Consultants
HAWORTH,haworth,Haworth
TROY LIFE FIRE SAFETY,troy_life_fire_safety,Troy Life Fire Safety
GALENVS SCIENCES,galenvs_sciences,Galenvs Sciences
EUROVIA QUEBEC CONSTRUCTION,eurovia_quebec_construction,Eurovia Quebec Construction
GRAW RADIOSONDES,graw_radiosondes,Graw Radiosondes
HIGHLANDS FUEL DELIVERY,highlands_fuel_delivery,Highlands Fuel Delivery
R2I,r2i,R2I
REVISION MILITARY,revision_military,Revision Military
L A HEBERT,l_a_hebert,L A Hebert
SPRINGHILL CONSTRUCTION,springhill_construction,Springhill Construction
IMTECH MARINE CANADA,imtech_marine_canada,Imtech Marine Canada
CRUICKSHANK CONSTRUCTION,cruickshank_construction,Cruickshank Construction
TORONTO INDUSTRIES,toronto_industries,Toronto Industries
UNIVERSITY OF REGINA,university_of_regina,University of Regina
UQSUQ,uqsuq,Uqsuq
3M CANADA COMPANY,3m_canada_company,3M Canada Company
JASTRAM ENGINEERING,jastram_engineering,Jastram Engineering
NORTHFIELD METAL PRODUCTS,northfield_metal_products,Northfield Metal Products
CYTELLIGENCE,cytelligence,Cytelligence
VANCOUVER PILE DRIVING,vancouver_pile_driving,Vancouver Pile Driving
GATEWAY MECHANICAL SERVICES,gateway_mechanical_services,Gateway Mechanical Services
APOTEX,apotex,Apotex
ALINEA INTERNATIONAL,alinea_international,Alinea International
PRAGMATIC CONFERENCING,pragmatic_conferencing,Pragmatic Conferencing
BRAGG COMMUNICATIONS,bragg_communications,Bragg Communications
UVAIR,uvair,Uvair
NIMBLE INFORMATION STRATEGIES,nimble_information_strategies,Nimble Information Strategies
AIR INUIT,air_inuit,Air Inuit
6834973 CANADA,6834973_canada,6834973 Canada
MARTEC,martec,Martec
EXCEL 7,excel_7,Excel 7
LES INSTALLATIONS ELECTRIQUES,les_installations_electriques,Les Installations Electriques
LUXTON CONSTRUCTION,luxton_construction,Luxton Construction
R W TOMLINSON,r_w_tomlinson,R W Tomlinson
CHANNEL MANAGEMENT INTERNATIONAL,channel_management_international,Channel Management International
UNITED RENTALS OF CANADA,united_rentals_of_canada,United Rentals of Canada
PRINCE GEORGE ACTIVATOR,prince_george_activator,Prince George Activator
FARMER CONSTRUCTION,farmer_construction,Farmer Construction
PODOLINSKY EQUIPMENT,podolinsky_equipment,Podolinsky Equipment
WILD STONE ENGINEERING,wild_stone_engineering,Wild Stone Engineering
GLOBAL KNOWLEDGE,global_knowledge,Global Knowledge
NORTHEAST TREE TRIMMING,northeast_tree_trimming,Northeast Tree Trimming
A J HANNA CONSTRUCTION,a_j_hanna_construction,A J Hanna Construction
LINOVATI,linovati,Linovati
AIR TINDI,air_tindi,Air Tindi
GSI INTERNATIONAL CONSULTING,gsi_international_consulting,GSI International Consulting
CONSTRUCTION SOCAM,construction_socam,Construction Socam
RESIDENCE CARPEDIEM,residence_carpediem,Residence Carpediem
TAG HR,tag_hr,Tag HR
MIKE KELLY SONS,mike_kelly_sons,Mike Kelly Sons
H H CONSTRUCTION,h_h_construction,H H Construction
INTERNATIONAL SAFETY RESEARCH,international_safety_research,International Safety Research
CATHOLIC SOCIAL SERVICES,catholic_social_services,Catholic Social Services
CHU SAINTE JUSTINE,chu_sainte_justine,CHU Sainte Justine
FACCA,facca,Facca
GRC ARCHITECTS,grc_architects,GRC Architects
PLEIAD CANADA,pleiad_canada,Pleiad Canada
ONLINE CONSTRUCTORS,online_constructors,Online Constructors
NORTH COUNTRY MAINTENANCE,north_country_maintenance,North Country Maintenance
WAHL CONSTRUCTION,wahl_construction,Wahl Construction
LES ENTREPRISES FERVEL,les_entreprises_fervel,Les Entreprises Fervel
TEAM CERTAS,team_certas,Team Certas
TRIPLEWELL CANADA,triplewell_canada,Triplewell Canada
SEAWATCH,seawatch,Seawatch
TENAQUIP,tenaquip,Tenaquip
KONTZAMANIS GRAUMANN SMITH,kontzamanis_graumann_smith,Kontzamanis Graumann Smith
3469051 CANADA,3469051_canada,3469051 Canada
MEAL KIT SUPPLY CANADA,meal_kit_supply_canada,Meal Kit Supply Canada
THYSSENKRUPP ELEVATOR,thyssenkrupp_elevator,Thyssenkrupp Elevator
ISLAND WEST COAST DEVELOPMENTS,island_west_coast_developments,Island West Coast Developments
UNIVERSITY OF ALBERTA,university_of_alberta,University of Alberta
REGENT CONSTRUCTION,regent_construction,Regent Construction
"NATTIQ",nattiq,"NATTIQ"
DAIMLER,daimler,Daimler
NEPTUNE SECURITY SERVICES,neptune_security_services,Neptune Security Services
MOERAE SOLUTIONS,moerae_solutions,Moerae Solutions
AGILEC,agilec,Agilec
ECOLE DE LANGUES ABCE,ecole_de_langues_abce,Ecole De Langues Abce
DOMUS BUILDING CLEANING,domus_building_cleaning,Domus Building Cleaning
COUGAR ENGINEERING CONSTRUCTION,cougar_engineering_construction,Cougar Engineering Construction
FUNDY CONTRACTORS,fundy_contractors,Fundy Contractors
MAISON CHARLEMAGNE,maison_charlemagne,Maison Charlemagne
MORPHO CANADA,morpho_canada,Morpho Canada
CARSWELL,carswell,Carswell
ABCO MAINTENANCE SYSTEMS,abco_maintenance_systems,Abco Maintenance Systems
APS AVIATION,aps_aviation,APS Aviation
THRIVE HEALTH,thrive_health,Thrive Health
POSTMEDIA NETWORK,postmedia_network,Postmedia Network
AB SCIEX,ab_sciex,AB Sciex
KASIAN ARCHITECTURE INTERIOR DESIGN,kasian_architecture_interior_design,Kasian Architecture Interior Design
CLEANMATTERS JANITORIAL SERVICES,cleanmatters_janitorial_services,Cleanmatters Janitorial Services
CHUBB EDWARDS,chubb_edwards,Chubb Edwards
JOHN WILEY SONS,john_wiley_sons,John Wiley Sons
TULMAR SAFETY SYSTEMS,tulmar_safety_systems,Tulmar Safety Systems
KETZA PACIFIC CONSTRUCTION,ketza_pacific_construction,Ketza Pacific Construction
MAGAL S3 CANADA,magal_s3_canada,Magal S3 Canada
ROBERTSON MARTIN ARCHITECTS,robertson_martin_architects,Robertson Martin Architects
PMB ELECTRICAL SERVICES,pmb_electrical_services,PMB Electrical Services
LANNICK CONTRACT SOLUTIONS,lannick_contract_solutions,Lannick Contract Solutions
ST JOHN AMBULANCE,st_john_ambulance,St John Ambulance
9275 0181 QUEBEC,9275_0181_quebec,9275 0181 Quebec
14343878 ONTARIO,14343878_ontario,14343878 Ontario
FRANCIS CANADA TRUCK CENTRE,francis_canada_truck_centre,Francis Canada Truck Centre
WORLDREACH SOFTWARE,worldreach_software,Worldreach Software
UNIVERSITY OF NEW BRUNSWICK,university_of_new_brunswick,University of New Brunswick
MOTOR COACH INDUSTRIES,motor_coach_industries,Motor Coach Industries
LEAR CONSTRUCTION,lear_construction,Lear Construction
P K WELDING FABRICATORS,p_k_welding_fabricators,P K Welding Fabricators
CLEARWATER STRUCTURES,clearwater_structures,Clearwater Structures
ST AIRBORNE SYSTEMS,st_airborne_systems,St Airborne Systems
KEYDATA ASSOCIATES,keydata_associates,Keydata Associates
BROOK CONSTRUCTION,brook_construction,Brook Construction
MUNICIPAL READY MIX,municipal_ready_mix,Municipal Ready Mix
A SANTIN MASON CONTRACTOR,a_santin_mason_contractor,A Santin Mason Contractor
MESSA COMPUTING,messa_computing,Messa Computing
PATTISON SIGN GROUP,pattison_sign_group,Pattison Sign Group
RADIATION SOLUTIONS,radiation_solutions,Radiation Solutions
OLIN,olin,Olin
DLS TECHNOLOGY,dls_technology,DLS Technology
TOFCON CONSTRUCTION,tofcon_construction,TOFCON Construction
HIPPERSON CONSTRUCTION,hipperson_construction,Hipperson Construction
VOYAGEUR TRANSPORTATION,voyageur_transportation,Voyageur Transportation
FACTIVA,factiva,Factiva
SYMCOR,symcor,Symcor
LEMAY,lemay,Lemay
COMPAGNIE AMPLEXOR CANADA,compagnie_amplexor_canada,Compagnie Amplexor Canada
ROSS AND ANGLIN,ross_and_anglin,Ross and Anglin
GORDON BARR,gordon_barr,Gordon Barr
IDP GROUP,idp_group,Idp Group
LLOYD LIBKE LAW ENFORCEMENT SALES,lloyd_libke_law_enforcement_sales,Lloyd Libke Law Enforcement Sales
BOYD MOVING STORAGE,boyd_moving_storage,Boyd Moving Storage
PHOENIX DRUG ALCOHOL RECOVERY,phoenix_drug_alcohol_recovery,Phoenix Drug Alcohol Recovery
EXCAVATION LOISELLE,excavation_loiselle,Excavation Loiselle
736902 ONTARIO,736902_ontario,736902 Ontario
ROHDE SCHWARZ CANADA,rohde_schwarz_canada,Rohde Schwarz Canada
TITAN BOATS,titan_boats,Titan Boats
YAMAHA MOTORS CANADA,yamaha_motors_canada,Yamaha Motors Canada
S W WEEKS CONSTRUCTION,s_w_weeks_construction,S W Weeks Construction
SABA SOFTWARE,saba_software,Saba Software
GOVERNMENT OF THE NWT,government_of_the_nwt,Government of the NWT
FREQUENTIS CANADA,frequentis_canada,Frequentis Canada
CANADIAN DEVELOPMENT CONSULTANTS,canadian_development_consultants,Canadian Development Consultants
WOLTERS KLUWER,wolters_kluwer,Wolters Kluwer
JJM CONSTRUCTION,jjm_construction,JJM Construction
WORKPLACE HEALTH AND COST SOLUTIONS,workplace_health_and_cost_solutions,Workplace Health and Cost Solutions
INTERACTIVE AUDIO VISUAL,interactive_audio_visual,Interactive Audio Visual
FORT GARRY FIRE TRUCK,fort_garry_fire_truck,Fort Garry Fire Truck
BIGHORN CONSTRUCTION,bighorn_construction,Bighorn Construction
1320376 ONTARIO,1320376_ontario,1320376 Ontario
ALLEN HASTINGS,allen_hastings,Allen Hastings
MEEWASINOTA CRF,meewasinota_crf,Meewasinota CRF
CASP AEROSPACE,casp_aerospace,CASP Aerospace
OPENFRAME TECHNOLOGIES,openframe_technologies,OpenFrame Technologies
FISHER PAYKEL HEALTHCARE,fisher_paykel_healthcare,Fisher Paykel Healthcare
CADEX,cadex,Cadex
THE MATHWORKS,the_mathworks,The Mathworks
NUMBER TEN ARCHITECTURAL GROUP,number_ten_architectural_group,Number Ten Architectural Group
NORTHWEST MARINE TECHNOLOGY,northwest_marine_technology,Northwest Marine Technology
FREEBALANCE,freebalance,FreeBalance
FAST FORWARD FRENCH,fast_forward_french,Fast Forward French
EVOLVECOMP CONSTRUCTION,evolvecomp_construction,EvolveComp Construction
BEAUDOIN CANADA,beaudoin_canada,Beaudoin Canada
MARITIME FUELS,maritime_fuels,Maritime Fuels
LES CONSTRUCTIONS DES ILES,les_constructions_des_iles,Les Constructions Des Iles
TRIDENT CONSTRUCTION,trident_construction,Trident Construction
CARMACKS ENTERPRISES,carmacks_enterprises,Carmacks Enterprises
EXP SERVICES,exp_services,EXP Services
MAISON CROSS ROADS DE LA SOCIETE,maison_cross_roads_de_la_societe,Maison Cross Roads de la Societe
"NATCO PHARMA CANADA",natco_pharma_canada,Natco Pharma Canada
MARITIME FENCE,maritime_fence,Maritime Fence
AMRON CONSTRUCTION,amron_construction,Amron Construction
FUGRO GEOSURVEYS,fugro_geosurveys,Fugro GeoSurveys
WM M 1993,wm_m_1993,WM M 1993
UNIVERSITY OF SASKATCHEWAN,university_of_saskatchewan,University of Saskatchewan
ACART COMMUNICATIONS,acart_communications,Acart Communications
STIFF SENTENCES,stiff_sentences,Stiff Sentences
UNISOFT INTERNATIONAL,unisoft_international,Unisoft International
ECO TECHNOLOGIES,eco_technologies,ECO Technologies
HUBSPOKE,hubspoke,HubSpoke
SEYEM,seyem,Seyem
PEPCO,pepco,Pepco
ANIXTER,anixter,Anixter
VIA TRAVAIL,via_travail,Via Travail
SEAGATE CONSTRUCTION,seagate_construction,Seagate Construction
FORRESTER RESEARCH,forrester_research,Forrester Research
THE HALIFAX GROUP,the_halifax_group,The Halifax Group
XPERA RISK MITIGATION INVESTIGATION,xpera_risk_mitigation_investigation,Xpera Risk Mitigation Investigation
BAVARIAN NORDIC,bavarian_nordic,Bavarian Nordic
KAYWAY INDUSTRIES,kayway_industries,Kayway Industries
GEN MEC ACL,gen_mec_acl,Gen Mec ACL
LEEWAY YACHTS,leeway_yachts,Leeway Yachts
RUSSELL CHERNOFF RAND THOMPSON,russell_chernoff_rand_thompson,Russell Chernoff Rand Thompson
CONSTRUCTION SIMDEV,construction_simdev,Construction Simdev
MURRAYS WINDERMERE GARDENS,murrays_windermere_gardens,Murray’s Windermere Gardens
KEYSIGHT TECHNOLOGIES CANADA,keysight_technologies_canada,Keysight Technologies Canada
WASTE CONNECTIONS OF CANADA,waste_connections_of_canada,Waste Connections of Canada
DWP SOLUTIONS,dwp_solutions,DWP Solutions
SETANTA CONTRACTING,setanta_contracting,Setanta Contracting
WESTJET,westjet,Westjet
NFOE,nfoe,NFOE
CANADIAN NUCLEAR LABORATORIES,canadian_nuclear_laboratories,Canadian Nuclear Laboratories
NORTH BAY HYDRO,north_bay_hydro,North Bay Hydro
ALCAIDE WEBSTER ARCHITECTS,alcaide_webster_architects,Alcaide Webster Architects
RUSSEL METALS,russel_metals,Russel Metals
UNIVERSAL HELICOPTERS,universal_helicopters,Universal Helicopters
J L RICHARDS ASSOCIATES,j_l_richards_associates,J L Richards Associates
GLENCAIRN EDUCATIONAL SERVICES,glencairn_educational_services,Glencairn Educational Services
L P ROYER,l_p_royer,L P Royer
ATS SERVICES,ats_services,ATS Services
DRAGAGE IM,dragage_im,Dragage IM
9099 3593 QUEBEC INTER PROJE,9099_3593_quebec_inter_proje,9099 3593 Quebec Inter Proje
MAISON JEUN AIDE,maison_jeun_aide,Maison Jeun Aide
NORTHERN CONTRACTING,northern_contracting,Northern Contracting
LES TRADUCTEURS REUNIS,les_traducteurs_reunis,Les Traducteurs Reunis
CANADYNE TECHNOLOGIES,canadyne_technologies,Canadyne Technologies
ALPINE HELICOPTERS,alpine_helicopters,Alpine Helicopters
ATLANTIC ROAD CONSTRUCTION AND PAVING,atlantic_road_construction_and_paving,Atlantic Road Construction and Paving
FOXIT SOFTWARE,foxit_software,Foxit Software
ZERNAM ENTERPRISE,zernam_enterprise,Zernam Enterprise
CANTEX OKANAGAN CONSTRUCTION,cantex_okanagan_construction,Cantex Okanagan Construction
CIRCLE OF EAGLES LODGE SOCIETY,circle_of_eagles_lodge_society,Circle of Eagles Lodge Society
MWCO,mwco,MWCO
4083261 CANADA,4083261_canada,4083261 Canada
ACOSYS CONSULTING SERVICES,acosys_consulting_services,Acosys Consulting Services
OSKAR CONSTRUCTION,oskar_construction,Oskar Construction
OKANAGAN HALFWAY HOUSE SOCIETY CRF,okanagan_halfway_house_society_crf,Okanagan Halfway House Society CRF
QUINTET CONSULTING,quintet_consulting,Quintet Consulting
ENVIRONICS RESEARCH GROUP,environics_research_group,Environics Research Group
LEVAERO AVIATION,levaero_aviation,Levaero Aviation
HASKONING UK,haskoning_uk,Haskoning UK
RISK SCIENCES INTERNATIONAL,risk_sciences_international,Risk Sciences International
ZENITH PAVING,zenith_paving,Zenith Paving
TANKATEK,tankatek,Tankatek
N P A,n_p_a,N P A
IDS SYSTEMS CONSULTANTS,ids_systems_consultants,IDS Systems Consultants
HUMANSYSTEMS,humansystems,HumanSystems
INTERWORKS CONTRACTING,interworks_contracting,Interworks Contracting
HOUSE OF HOPE,house_of_hope,House of Hope
LAZY H TRAIL COMPANY,lazy_h_trail_company,Lazy H Trail Company
AERO SUPPLIES,aero_supplies,Aero Supplies
NRNS,nrns,NRNS
TECHNOREM,technorem,TechnoRem
WESTOWER COMMUNICATIONS,westower_communications,WesTower Communications
DYNAMIC FACILITY SERVICES,dynamic_facility_services,Dynamic Facility Services
INSTRUX MEDIA,instrux_media,Instrux Media
AEROPORTS DE MONTREAL,aeroports_de_montreal,Aeroports De Montreal
APPTION,apption,Apption
UNIVERSITE LAVAL,universite_laval,Universite Laval
GEMMA PROPERTY SERVICES,gemma_property_services,Gemma Property Services
COCO PAVING,coco_paving,Coco Paving
AVMAX AVIATION SERVICES,avmax_aviation_services,Avmax Aviation Services
TRACK24 CANADA,track24_canada,Track24 Canada
FLIGHTSAFETY CANADA,flightsafety_canada,FlightSafety Canada
HENSOLTD SENSORS,hensoltd_sensors,Hensoltd Sensors
LEXISNEXIS CANADA,lexisnexis_canada,LexisNexis Canada
TECHNO FEU,techno_feu,Techno Feu
SIMO MANAGEMENT,simo_management,SIMO Management
NEXTER SYSTEMS,nexter_systems,Nexter Systems
"NATIVE CLAN ORGANIZATION",native_clan_organization,Native Clan Organization
PIDHERNEY S,pidherney_s,Pidherney’s
TRAUGOTT BUILDING CONTRACTORS,traugott_building_contractors,Traugott Building Contractors
MOBILITY LAB,mobility_lab,Mobility Lab
AMER SPORTS CANADA,amer_sports_canada,Amer Sports Canada
LANSDOWNE TECHNOLOGIES,lansdowne_technologies,Lansdowne Technologies
ROSBOROUGH BOATS,rosborough_boats,Rosborough Boats
CONSTRUCTIONS BSL,constructions_bsl,Constructions BSL
BAY CONSTRUCTION MANAGEMENT,bay_construction_management,Bay Construction Management
RIGHTWAY SANITATION SERVICES,rightway_sanitation_services,Rightway Sanitation Services
BOUTHILLETTE PARIZEAU,bouthillette_parizeau,Bouthillette Parizeau
IPSOS,ipsos,Ipsos
EKOS RESEARCH ASSOCIATES,ekos_research_associates,Ekos Research Associates
MICHANIE CONSTRUCTION,michanie_construction,Michanie Construction
RACING FORENSICS,racing_forensics,Racing Forensics
MORRISON HERSHFIELD,morrison_hershfield,Morrison Hershfield
EASTWAY CONTRACTING,eastway_contracting,Eastway Contracting
JP2G CONSULTANTS,jp2g_consultants,JP2G Consultants
QUARTZ NATURE,quartz_nature,Quartz Nature
CHEVRON,chevron,Chevron
J J TRAILERS MANUFACTURERS AND SALES,j_j_trailers_manufacturers_and_sales,J J Trailers Manufacturers and Sales
J J LEPERA INFRASTRUCTURES,j_j_lepera_infrastructures,J J Lepera Infrastructures
BRANDT TRACTOR,brandt_tractor,Brandt Tractor
ENTREPRISE CLAVEAU,entreprise_claveau,Entreprise Claveau
GAUDETTE S TRANSIT MIX,gaudette_s_transit_mix,Gaudette’s Transit Mix
CONVERGINT TECHNOLOGIES,convergint_technologies,Convergint Technologies
CANMEC,canmec,Canmec
OTIS ELEVATOR,otis_elevator,Otis Elevator
XTECH EXPLOSIVE DECONTAMINATION,xtech_explosive_decontamination,Xtech Explosive Decontamination
ST JOSEPH PRINT GROUP,st_joseph_print_group,St Joseph Print Group
SERVICES D AIDE EN PREVENTION DE LA CRIMINALITE,services_d_aide_en_prevention_de_la_criminalite,Services D’Aide En Prevention De La Criminalite
BOLLORE LOGISTICS,bollore_logistics,Bollore Logistics
CLARIANT CANADA,clariant_canada,Clariant Canada
PRA,pra,PRA
PITNEY BOWES,pitney_bowes,Pitney Bowes
2536 4589 QUEBEC,2536_4589_quebec,2536 4589 Quebec
NOVA CONSTRUCTION,nova_construction,Nova Construction
NUIX NORTH AMERICA,nuix_north_america,Nuix North America
DIRECT ENERGY,direct_energy,Direct Energy
TYR TACTICAL,tyr_tactical,TYR Tactical
KUBOTA CANADA,kubota_canada,Kubota Canada
GRANITE MANAGEMENT,granite_management,Granite Management
MARTECH ELECTRICAL SYSTEMS,martech_electrical_systems,Martech Electrical Systems
EMERGENCY MEDICAL TECHNOLOGY,emergency_medical_technology,Emergency Medical Technology
MOSS DEVELOPMENT,moss_development,Moss Development
RIGGS ENGINEERING,riggs_engineering,Riggs Engineering
NOKIA CANADA,nokia_canada,Nokia Canada
UNIVERSAL WEATHER AND AVIATION,universal_weather_and_aviation,Universal Weather and Aviation
MAISON JOINS TOI,maison_joins_toi,Maison Joins Toi
PHASELOCK SYSTEMS INTERNATIONAL,phaselock_systems_international,Phaselock Systems International
TORONTO BAIL PROGRAM,toronto_bail_program,Toronto Bail Program
IMP GROUP,imp_group,IMP Group
BUDGELL S EQUIPMENT RENTALS,budgell_s_equipment_rentals,Budgell’s Equipment Rentals
FSC,fsc,FSC
SCHOELER HEATON ARCHITECTS,schoeler_heaton_architects,Schoeler Heaton Architects
SHELTER NOVA SCOTIA,shelter_nova_scotia,Shelter Nova Scotia
GLOBAL TOTAL OFFICE,global_total_office,Global Total Office
GHD,ghd,GHD
LEDCOR CONSTRUCTION,ledcor_construction,Ledcor Construction
STOPS TACTICAL TRAINING,stops_tactical_training,Stops Tactical Training
QIAGEN,qiagen,QIAGEN
MCGREGOR GEOSCIENCE,mcgregor_geoscience,McGregor Geoscience
B L ASSOCIATES,b_l_associates,B L Associates
LANDFORM CIVIL INFRASTRUCTURES,landform_civil_infrastructures,Landform Civil Infrastructures
CLERMARK,clermark,Clermark
CANTEC SYSTEMS,cantec_systems,Cantec Systems
LIKE 10,like_10,Like 10
ADPEARL,adpearl,AdPearl
WAMPUM RECORDS,wampum_records,Wampum Records
RUSH TRUCK CENTRES OF CANADA,rush_truck_centres_of_canada,Rush Truck Centres of Canada
VISIONTEC,visiontec,Visiontec
F M INSTALLATIONS,f_m_installations,F M Installations
CPCS TRANSCOM,cpcs_transcom,CPCS Transcom
KIA CANADA,kia_canada,Kia Canada
J M LEDRESSAY ASSOCIATES,j_m_ledressay_associates,J M Ledressay Associates
BAUER HOCKEY,bauer_hockey,Bauer Hockey
THOMAS SCHMIDT,thomas_schmidt,Thomas Schmidt
CANADIAN NORTH,canadian_north,Canadian North
MCAFEE INTERNATIONAL,mcafee_international,McAfee International
CCM CONSTRUCTION,ccm_construction,CCM Construction
TDI INTERNATIONAL,tdi_international,TDI International
COPCAN CIVIL,copcan_civil,Copcan Civil
NELSON ENVIRONMENTAL REMEDIATION,nelson_environmental_remediation,Nelson Environmental Remediation
MUSTANG HELICOPTERS,mustang_helicopters,Mustang Helicopters
ROCKWELL COLLINS CANADA,rockwell_collins_canada,Rockwell Collins Canada
GW REALTY,gw_realty,GW Realty
PIONEER CONSTRUCTION,pioneer_construction,Pioneer Construction
IRONCLAD EARTHWORKS,ironclad_earthworks,Ironclad Earthworks
SHI CANADA,shi_canada,SHI Canada
HORIZANT,horizant,Horizant
CONOSCENTI TECHNOLOGIES,conoscenti_technologies,Conoscenti Technologies
G BIRD HOLDINGS,g_bird_holdings,G Bird Holdings
HELITRADES,helitrades,Helitrades
SYSTEMS FOR RESEARCH,systems_for_research,Systems for Research
REFORMAR,reformar,Reformar
COMMERCIAL BUILDING CLEANING,commercial_building_cleaning,Commercial Building Cleaning
GENOME QUEBEC,genome_quebec,Genome Quebec
FMC PROFESSIONALS,fmc_professionals,FMC Professionals
AMTEK ENGINEERING,amtek_engineering,Amtek Engineering
NORTHERN CONSTRUCTION,northern_construction,Northern Construction
LOCATION DE MOTONEIGES HAUTE MATAWINIE,location_de_motoneiges_haute_matawinie,Location De Motoneiges Haute Matawinie
THE KTL GROUP,the_ktl_group,The KTL Group
AFC INDUSTRIES,afc_industries,AFC Industries
UNITED CHURCH HALFWAY HOMES,united_church_halfway_homes,United Church Halfway Homes
RYCOM,rycom,Rycom
THINKON,thinkon,ThinkOn
RAPISCAN SYSTEMS,rapiscan_systems,Rapiscan Systems
AQUA GUARD SPILL RESPONSE,aqua_guard_spill_response,Aqua Guard Spill Response
NEUROSCOPE,neuroscope,Neuroscope
HORSESHOE HILL CONSTRUCTION,horseshoe_hill_construction,Horseshoe Hill Construction
P B ENTREPRISES,p_b_entreprises,P B Entreprises
UNIVERSITY OF BRITISH COLUMBIA,university_of_british_columbia,University of British Columbia
TRAYTOWN BUILDERS,traytown_builders,Traytown Builders
SUMMIT CANADA DISTRIBUTORS,summit_canada_distributors,Summit Canada Distributors
RIKJAK CONSTRUCTION,rikjak_construction,Rikjak Construction
LAVAL FORTIN,laval_fortin,Laval Fortin
WHOOSHH INNOVATIONS,whooshh_innovations,Whooshh Innovations
VFA CANADA,vfa_canada,VFA Canada
CARLETON LIFE SUPPORT SYSTEMS,carleton_life_support_systems,Carleton Life Support Systems
AMERICAN BUREAU OF SHIPPING,american_bureau_of_shipping,American Bureau of Shipping
PROVENCHER ROY ASSOCIES,provencher_roy_associes,Provencher Roy Associes
CARLETON ELECTRIC,carleton_electric,Carleton Electric
JUMEC CONSTRUCTION,jumec_construction,Jumec Construction
CHARTER TELECOM,charter_telecom,Charter Telecom
SYNERSOLUTIONS TECHNOLOGIES,synersolutions_technologies,SynerSolutions Technologies
L W DENNIS CONTRACTING,l_w_dennis_contracting,L W Dennis Contracting
D2L,d2l,D2L
CHEF BRANDZ,chef_brandz,Chef Brandz
BLUEDROP TRAINING SIMULATION,bluedrop_training_simulation,Bluedrop Training Simulation
HOLLAND COLLEGE,holland_college,Holland College
MILLBROOK TACTICAL,millbrook_tactical,Millbrook Tactical
MANULIFE,manulife,Manulife
OTTAWA MARRIOTT HOTELS INNVEST HOTELS GP,ottawa_marriott_hotels_innvest_hotels_gp,Ottawa Marriott Hotels Innvest Hotels Gp
MARRBECK CONSTRUCTION,marrbeck_construction,Marrbeck Construction
DON SAYWELL DEVELOPMENTS,don_saywell_developments,Don Saywell Developments
PARKER JOHNSTON INDUSTRIES,parker_johnston_industries,Parker Johnston Industries
PORTAGE PERSONNEL,portage_personnel,Portage Personnel
VALUE MASTER BUILDERS,value_master_builders,Value Master Builders
SYM COMMUNICATIONS,sym_communications,SYM Communications
INTERNATIONAL REPORTING,international_reporting,International Reporting
GFL ENVIRONMENTAL,gfl_environmental,GFL Environmental
HOOTSUITE,hootsuite,Hootsuite
SGS AXYS ANALYTICAL SERVICES,sgs_axys_analytical_services,SGS Axys Analytical Services
CARO ANALYTICAL SERVICES,caro_analytical_services,Caro Analytical Services
MORGAN ADVANCED MATERIALS COMPOSITES AND DEFENCE SYSTEMS,morgan_advanced_materials_composites_and_defence_systems,Morgan Advanced Materials Composites and Defence Systems
RONDAR,rondar,Rondar
4 OFFICE AUTOMATION,4_office_automation,4 Office Automation
SEAWAVES DEVELOPMENT SERVICES,seawaves_development_services,Seawaves Development Services
FLYNN CANADA,flynn_canada,Flynn Canada
ALLIANCE ENGINEERING CONSTRUCTION,alliance_engineering_construction,Alliance Engineering Construction
ONIX NETWORKING CANADA,onix_networking_canada,Onix Networking Canada
WESTBURY NATIONAL SHOW SYSTEMS,westbury_national_show_systems,Westbury National Show Systems
ARCTIC CANADA CONSTRUCTION,arctic_canada_construction,Arctic Canada Construction
DILIGENS,diligens,Diligens
FRESENIUS KABI CANADA,fresenius_kabi_canada,Fresenius Kabi Canada
SEACOAST MARINE ELECTRONICS,seacoast_marine_electronics,Seacoast Marine Electronics
HUMAN LOGISTICS,human_logistics,Human Logistics
NUCTECH COMPANY,nuctech_company,NUCTECH Company
LIFESPEAK,lifespeak,LifeSpeak
THG THE HISTORY GROUP,thg_the_history_group,THG the History Group
D DOYLE INSTALLATIONS,d_doyle_installations,D Doyle Installations
TECSIS,tecsis,Tecsis
AV NUNAVUT FUELS,av_nunavut_fuels,AV Nunavut Fuels
ACADIAN DREDGING,acadian_dredging,Acadian Dredging
ARISGLOBAL,arisglobal,Arisglobal
EPERFORMANCE,eperformance,Eperformance
NORDLYS ENVIRONMENTAL PARTNERSHIP,nordlys_environmental_partnership,Nordlys Environmental Partnership
MERCURY MARINE,mercury_marine,Mercury Marine
VCI CONTROLS,vci_controls,VCI Controls
MAVERIN,maverin,Maverin
MID CANADA MOD CENTER,mid_canada_mod_center,Mid Canada Mod Center
BRUKER,bruker,Bruker
TERLIN CONSTRUCTION,terlin_construction,Terlin Construction
CAMPBELL SCIENTIFIC CANADA,campbell_scientific_canada,Campbell Scientific Canada
ST OPS TACTICAL TRAINING CANADA,st_ops_tactical_training_canada,St Ops Tactical Training Canada
W S MORGAN CONSTRUCTION,w_s_morgan_construction,W S Morgan Construction
EXACT LEGAL TRANSLATIONS,exact_legal_translations,Exact Legal Translations
LIFTKING MANUFACTURING,liftking_manufacturing,LiftKing Manufacturing
INDAL TECHNOLOGIES,indal_technologies,Indal Technologies
CH2M HILL CANADA,ch2m_hill_canada,CH2M Hill Canada
MAISON PAINCHAUD,maison_painchaud,Maison Painchaud
BUREAU NATHALIE,bureau_nathalie,Bureau Nathalie
CANADIAN FISHING COMPANY,canadian_fishing_company,Canadian Fishing Company
WINTERSTEIGER,wintersteiger,WINTERSTEIGER
RESOLVE SALVAGE FIRE AMERICAS,resolve_salvage_fire_americas,Resolve Salvage Fire Americas
DAVTAIR INDUSTRIES,davtair_industries,Davtair Industries
BOEHM HOTEL,boehm_hotel,Boehm Hotel
TELECOMMUNICATION SUPPORT SERVICES,telecommunication_support_services,Telecommunication Support Services
N12 CONSULTING,n12_consulting,N12 Consulting
AIR LIQUIDE CANADA,air_liquide_canada,Air Liquide Canada
MOBILE RESOURCE GROUP,mobile_resource_group,Mobile Resource Group
OPROMA,oproma,Oproma
3D DATACOMM,3d_datacomm,3D datacomm
ICEBERG NETWORKS,iceberg_networks,Iceberg Networks
DEFRAN,defran,Defran
MULTINATIONAL LOGISTIC SERVICES,multinational_logistic_services,Multinational Logistic Services
QUORUM,quorum,Quorum
ICU MEDICAL CANADA,icu_medical_canada,ICU Medical Canada
MARINENAV,marinenav,MarineNav
SRA STAFFING SOLUTIONS,sra_staffing_solutions,SRA Staffing Solutions
ATLANTIC BUSINESS INTERIORS,atlantic_business_interiors,Atlantic Business Interiors
APEX STEEL GAS,apex_steel_gas,Apex Steel Gas
KFN ENTERPRISES PARTNERSHIP,kfn_enterprises_partnership,KFN Enterprises Partnership
TAURUS CONTRACTORS,taurus_contractors,Taurus Contractors
EDWARD COLLINS CONTRACTING,edward_collins_contracting,Edward Collins Contracting
EVRIPOS JANITORIAL SERVICES,evripos_janitorial_services,Evripos Janitorial Services
CANSEL SURVEY EQUIPMENT,cansel_survey_equipment,Cansel Survey Equipment
WADE GENERAL CONTRACTING,wade_general_contracting,Wade General Contracting
DBC MARINE SAFETY SYSTEMS,dbc_marine_safety_systems,DBC Marine Safety Systems
ELIZABETH FRY SOCIETY,elizabeth_fry_society,Elizabeth Fry Society
CARMICHAEL ENGINEERING,carmichael_engineering,Carmichael Engineering
LANDCO CONSTRUCTION,landco_construction,Landco Construction
KINGHAVEN PEARDONVILLE HOUSE SOCIETY,kinghaven_peardonville_house_society,Kinghaven Peardonville House Society
C2D SERVICES,c2d_services,C2D Services
NICHE TECHNOLOGY,niche_technology,Niche Technology
RHEA,rhea,RHEA
GM DEVELOPPEMENT,gm_developpement,GM Developpement
INTERCON MARINE,intercon_marine,Intercon Marine
TELEPHONICS,telephonics,Telephonics
LABORATOIRES OMEGA,laboratoires_omega,Laboratoires Omega
BARRON S REFRIGERATION HEATING,barron_s_refrigeration_heating,Barron’s Refrigeration Heating
BRITTON ELECTRIQUE,britton_electrique,Britton Electrique
DYMECH ENGINEERING,dymech_engineering,Dymech Engineering
PEPIN FORTIN CONSTRUCTION,pepin_fortin_construction,Pepin Fortin Construction
BRAWN CONSTRUCTION,brawn_construction,Brawn Construction
KWC ARCHITECTS,kwc_architects,Kwc Architects
UNIVERSITY OF WESTERN ONTARIO,university_of_western_ontario,University of Western Ontario
INVENTA SALES AND PROMOTIONS,inventa_sales_and_promotions,Inventa Sales and Promotions
FEAST INTERACTIVE,feast_interactive,FEAST Interactive
UNISYNC GROUP,unisync_group,Unisync Group
J M J HOLDINGS,j_m_j_holdings,J M J Holdings
ALBERTA SEVENTH STEP SOCIETY,alberta_seventh_step_society,Alberta Seventh Step Society
THE IT BROKER,the_it_broker,The IT Broker
SPERRA CONSTRUCTION,sperra_construction,Sperra Construction
FORREST GREEN CONSULTING,forrest_green_consulting,Forrest Green Consulting
AEROPRO,aeropro,Aeropro
MTC LAW,mtc_law,MTC Law
GINO PELLETIER FOREX MALI DIELY MOUSSA KOUYATE GID,gino_pelletier_forex_mali_diely_moussa_kouyate_gid,Gino Pelletier Forex Mali Diely Moussa Kouyate Gid
THE CALGARY AIRPORT AUTHORITY,the_calgary_airport_authority,The Calgary Airport Authority
SOCIETE ELIZABETH FRY DU QUEBEC,societe_elizabeth_fry_du_quebec,Societe Elizabeth Fry Du Quebec
PROLOGIC SYSTEMS,prologic_systems,Prologic Systems
GAP WIRELESS,gap_wireless,Gap Wireless
J O THOMAS ASSOCIATES,j_o_thomas_associates,J O Thomas Associates
EMTEC,emtec,Emtec
RGB MEDIA,rgb_media,RGB Media
DEAN CONSTRUCTION COMPANY,dean_construction_company,Dean Construction Company
727619 ALBERTA O A ROUGHRIDER,727619_alberta_o_a_roughrider,727619 Alberta O A Roughrider
ABCO INDUSTRIES,abco_industries,ABCO Industries
CANADENSYS AEROSPACE,canadensys_aerospace,Canadensys Aerospace
LENGKEEK VESSEL ENGINEERING,lengkeek_vessel_engineering,Lengkeek Vessel Engineering
LIEBHERR CANADA,liebherr_canada,Liebherr Canada
INSTITUT NATIONAL D OPTIQUE,institut_national_d_optique,Institut National D’Optique
DR MANDEEP SAINI,dr_mandeep_saini,Dr Mandeep Saini
R LAMBA FORENSIC PSYCH SERVICE,r_lamba_forensic_psych_service,R Lamba Forensic Psych Service
ULTIMATE CONSTRUCTION,ultimate_construction,Ultimate Construction
L D WATSON E S MACEWEN ALLAN,l_d_watson_e_s_macewen_allan,L D Watson E S Macewen Allan
ST LEONARDS HOUSE WINDSOR,st_leonards_house_windsor,St Leonard’s House Windsor
WEST COAST TUG BARGE,west_coast_tug_barge,West Coast Tug Barge
QATAR AIRWAYS,qatar_airways,Qatar Airways
CONSTRUCTION COUTURE TANGUAY,construction_couture_tanguay,Construction Couture Tanguay
COFELY SERVICES,cofely_services,Cofely Services
H J R ASPHALT,h_j_r_asphalt,H J R Asphalt
TAI,tai,TAI
ZOLL MEDICAL CANADA,zoll_medical_canada,ZOLL Medical Canada
EBERHARD VON HUENE ASSOCIATES,eberhard_von_huene_associates,Eberhard Von Huene Associates
AMDOCS,amdocs,Amdocs
HERRING CONSERVATION AND RESEARCH SOCIETY,herring_conservation_and_research_society,Herring Conservation and Research Society
FINNING INTERNATIONAL,finning_international,Finning International
FROSTI FISHING,frosti_fishing,Frosti Fishing
CSDC SYSTEMS,csdc_systems,CSDC Systems
MCCARTHY TETRAULT,mccarthy_tetrault,McCarthy Tetrault
JSK NAVAL SUPPORT,jsk_naval_support,Jsk Naval Support
"NANOMETRICS",nanometrics,Nanometrics
APPLIED SYSTEMS ENGINEERING,applied_systems_engineering,Applied Systems Engineering
YAMNUSKA,yamnuska,Yamnuska
NOVA NETWORKS,nova_networks,Nova Networks
PACWILL ENVIRONMENTAL,pacwill_environmental,Pacwill Environmental
K RITE CONSTRUCTION,k_rite_construction,K Rite Construction
FISH FOOD AND ALLIED WORKERS,fish_food_and_allied_workers,Fish Food and Allied Workers
BGLA,bgla,BGLA
1X1 ARCHITECTURE,1x1_architecture,1X1 Architecture
DEFENSE INFORMATION SYSTEMS AGENCY,defense_information_systems_agency,Defense Information Systems Agency
BAJA CONSTRUCTION CANADA,baja_construction_canada,Baja Construction Canada
OMNITECH ELECTRONICS,omnitech_electronics,Omnitech Electronics
LES ENTREPRISES MICHAUDVILLE,les_entreprises_michaudville,Les Entreprises Michaudville
MTM 2 CONTRACTING,mtm_2_contracting,Mtm 2 Contracting
CAREWORX,careworx,CareWorx
CASCADE COLLEGE,cascade_college,Cascade College
ATLANTICA MECHANICAL CONTRACTORS,atlantica_mechanical_contractors,Atlantica Mechanical Contractors
R C M MODULAIRE,r_c_m_modulaire,R C M Modulaire
KODIAK GROUP HOLDINGS,kodiak_group_holdings,Kodiak Group Holdings
GAMBLE TECHNOLOGIES,gamble_technologies,Gamble Technologies
WATCHGUARD VIDEO,watchguard_video,WatchGuard Video
LARCH HALF WAY HOUSE OF SUDBURY,larch_half_way_house_of_sudbury,Larch Half Way House of Sudbury
RATIO ARCHITECTURE INTERIOR DESIGN,ratio_architecture_interior_design,Ratio Architecture Interior Design
NITRO CONSTRUCTION,nitro_construction,Nitro Construction
STERIS CANADA,steris_canada,STERIS Canada
LAPORTE EXPERTS CONSEILS,laporte_experts_conseils,Laporte Experts Conseils
"NATIONAL ARTS CENTRE",national_arts_centre,National Arts Centre
HERITAGE RESTORATION,heritage_restoration,Heritage Restoration
ROOF TILE MANAGEMENT,roof_tile_management,Roof Tile Management
TELEDYNE,teledyne,Teledyne
DSV,dsv,Dsv
CBRE,cbre,CBRE
WYSSEN AVALANCHE CONTROL,wyssen_avalanche_control,Wyssen Avalanche Control
FLEX KNIT,flex_knit,Flex Knit
MICHEL BASTARACHE SOCIETE PROFESSIONNELLE,michel_bastarache_societe_professionnelle,Michel Bastarache Societe Professionnelle
CONCEPT CONTROLS,concept_controls,Concept Controls
CALTRIO COMPANY,caltrio_company,Caltrio Company
49 SOLUTIONS,49_solutions,49 Solutions
BALODIS,balodis,Balodis
LES CONSTRUCTIONS BELAND,les_constructions_beland,Les Constructions Beland
SMITHS MEDICAL CANADA,smiths_medical_canada,Smiths Medical Canada
BIGHORN HELICOPTERS,bighorn_helicopters,Bighorn Helicopters
OSI,osi,OSI
SONOBUOY TECH SYSTEMS,sonobuoy_tech_systems,Sonobuoy Tech Systems
ANSYS CANADA,ansys_canada,Ansys Canada
FIDELITY ENGINEERING CONSTRUCTION,fidelity_engineering_construction,Fidelity Engineering Construction
CTOMS,ctoms,CTOMS
WILLIAM J BARKER CLINICAL,william_j_barker_clinical,William J Barker Clinical
BERGEVIN ELECTRICAL CONTRACTING,bergevin_electrical_contracting,Bergevin Electrical Contracting
CONSTRUCTION RIC,construction_ric,Construction RIC
SUPER CHANNEL INTERNATIONAL,super_channel_international,Super Channel International
INTERNATIONAL CUSTOM PRODUCTS ICP,international_custom_products_icp,International Custom Products ICP
KONE,kone,KONE
"NAPPAQ DESIGN CONSTRUCTION",nappaq_design_construction,Nappaq Design Construction
FAST TRACK STAFFING,fast_track_staffing,Fast Track Staffing
ECOPIA TECH,ecopia_tech,Ecopia Tech
GAB INDUSPAC,gab_induspac,GAB Induspac
HERCULES SLR,hercules_slr,Hercules SLR
HATCH,hatch,Hatch
CONNEX TELECOMMUNICATIONS,connex_telecommunications,Connex Telecommunications
NOLINOR AVIATION,nolinor_aviation,Nolinor Aviation
PORT OF SPAIN HOLDINGS,port_of_spain_holdings,Port of Spain Holdings
MEDIA Q,media_q,Media Q
SHRMA ARCHITECTS IN JOINT VENTURE,shrma_architects_in_joint_venture,SHRMA Architects In Joint Venture
MANITEX LIFTKING,manitex_liftking,Manitex LiftKing
WEBSTER ELECTRIC,webster_electric,Webster Electric
L BREAU AND SONS,l_breau_and_sons,L Breau and Sons
CONSTRUCTION BLANCHARD ET,construction_blanchard_et,Construction Blanchard Et
MANITOBA HYDRO,manitoba_hydro,Manitoba Hydro
J N A LEBLANC ELECTRIQUE,j_n_a_leblanc_electrique,J N A Leblanc Electrique
HEXAGON,hexagon,Hexagon
"NATIONAL STRUCTURES",national_structures,National Structures
WAINWRIGHT MARINE SERVICES,wainwright_marine_services,Wainwright Marine Services
ACTION PERSONNEL OF OTTAWA HULL,action_personnel_of_ottawa_hull,Action Personnel of Ottawa Hull
WEST WIND AVIATION,west_wind_aviation,West Wind Aviation
BECKMAN COULTER CANADA,beckman_coulter_canada,Beckman Coulter Canada
CRYPTOMILL TECHNOLOGIES,cryptomill_technologies,CryptoMill Technologies
SKY CANOE,sky_canoe,Sky Canoe
ISLAND CATERING,island_catering,Island Catering
VALARD CONSTRUCTION,valard_construction,Valard Construction
ALPINE AEROTECH,alpine_aerotech,Alpine Aerotech
J D G CONSTRUCTION MANAGEMENT,j_d_g_construction_management,J D G Construction Management
CONSTRUCTION JESSIKO,construction_jessiko,Construction Jessiko
A TECH ROOFING,a_tech_roofing,A Tech Roofing
PARKLAND INDUSTRIES,parkland_industries,Parkland Industries
FLIGHT FUELS,flight_fuels,Flight Fuels
GENTEX INTERNATIONAL,gentex_international,Gentex International
EVALUATION PERSONNEL SELECTION,evaluation_personnel_selection,Evaluation Personnel Selection
OTTAWA GREENBELT CONSTRUCTION,ottawa_greenbelt_construction,Ottawa Greenbelt Construction
ADAPT PHARMA CANADA,adapt_pharma_canada,Adapt Pharma Canada
LES TRAITEURS BYTOWN CATERING,les_traiteurs_bytown_catering,Les Traiteurs Bytown Catering
FERENCE COMPANY CONSULTING,ference_company_consulting,Ference Company Consulting
S P GLOBAL MARKET INTELLIGENCE,s_p_global_market_intelligence,S P Global Market Intelligence
CHARRON HUMAN RESOURCES,charron_human_resources,Charron Human Resources
AZIMUTH CONSULTING GROUP,azimuth_consulting_group,Azimuth Consulting Group
BEST FACILITIES SERVICES,best_facilities_services,Best Facilities Services
SAMSON AND ASSOCIATES,samson_and_associates,Samson and Associates
ATLANTIC ROOFERS,atlantic_roofers,Atlantic Roofers
DXB PROJECT MANAGEMENT,dxb_project_management,DXB Project Management
DYNAMIC CONSTRUCTION,dynamic_construction,Dynamic Construction
FOURNIER CONSTRUCTION INDUSTRIELLE,fournier_construction_industrielle,Fournier Construction Industrielle
PETER J KINDREE ARCHITECT,peter_j_kindree_architect,Peter J Kindree Architect
73719 NEWFOUNDLAND LABRADOR,73719_newfoundland_labrador,73719 Newfoundland Labrador
SHAW CABLE,shaw_cable,Shaw Cable
AFW CONSTRUCTION,afw_construction,AFW Construction
SUSE SOFTWARE SOLUTIONS CANADA,suse_software_solutions_canada,SUSE Software Solutions Canada
BARR ENGINEERING AND ENVIRONMENTAL,barr_engineering_and_environmental,Barr Engineering and Environmental
CONNECTIVE SUPPORT SOCIETY,connective_support_society,Connective Support Society
WILDLIFE COMPUTERS,wildlife_computers,Wildlife Computers
9168516 CANADA,9168516_canada,9168516 Canada
B BRAUN OF CANADA,b_braun_of_canada,B Braun of Canada
ROBERTSON GEOCONSULTANTS,robertson_geoconsultants,Robertson Geoconsultants
NU VIEW HOMES,nu_view_homes,Nu View Homes
MANIFEST COMMUNICATIONS,manifest_communications,Manifest Communications
MICHELIN,michelin,Michelin
WASTE MANAGEMENT OF CANADA,waste_management_of_canada,Waste Management of Canada
ONTARIO DENTAL ASSOCIATION,ontario_dental_association,Ontario Dental Association
AMTECH AERONAUTICAL,amtech_aeronautical,Amtech Aeronautical
DEVLIN CONSTRUCTION,devlin_construction,Devlin Construction
BC HYDRO,bc_hydro,BC Hydro
NORTH CARIBOO AIR,north_cariboo_air,North Cariboo Air
J E ENTERPRISES,j_e_enterprises,J E Enterprises
TRADUCTIONS SCRIPTIS,traductions_scriptis,Traductions Scriptis
WESTCO CONSTRUCTION,westco_construction,Westco Construction
CELLEBRITE,cellebrite,Cellebrite
GAT INTL LOCALIZATION SERVICES,gat_intl_localization_services,GAT International Localization Services
COMMUNICATIONS POWER,communications_power,Communications Power
GREENDALE RESOURCES,greendale_resources,Greendale Resources
SAPPER LABS CYBER SOLUTIONS,sapper_labs_cyber_solutions,Sapper Labs Cyber Solutions
OGILVY MONTREAL,ogilvy_montreal,Ogilvy Montreal
DR S ISKANDER,dr_s_iskander,Dr S Iskander
MCCOLMAN SONS DEMOLITION,mccolman_sons_demolition,McColman Sons Demolition
AIRBOSS DEFENSE,airboss_defense,AirBoss Defense
BISSON FORTIN ARCHITECTURE,bisson_fortin_architecture,Bisson Fortin Architecture
BLUEDOT,bluedot,BlueDot
EAST ELGIN CONCRETE FORMING,east_elgin_concrete_forming,East Elgin Concrete Forming
OXFORD ECONOMICS USA,oxford_economics_usa,Oxford Economics USA
IWC EXCAVATION,iwc_excavation,IWC Excavation
J P GRAVEL CONSTRUCTION,j_p_gravel_construction,J P Gravel Construction
A C L CONSTRUCTION,a_c_l_construction,A C L Construction
LARRY PENNER ENTERPRISES,larry_penner_enterprises,Larry Penner Enterprises
DISMAS SOCIETY,dismas_society,Dismas Society
FRECON CONSTRUCTION,frecon_construction,Frecon Construction
WESCO DISTRIBUTION CANADA,wesco_distribution_canada,WESCO Distribution Canada
IHS GLOBAL,ihs_global,IHS Global
BRS INNOVATIONS,brs_innovations,BRS Innovations
CRC CURE LABELLE,crc_cure_labelle,CRC Cure Labelle
SHM CANADA CONSULTING,shm_canada_consulting,SHM Canada Consulting
SKILLSOFT CANADA,skillsoft_canada,Skillsoft Canada
LES EQUIPEMENTS CLAUDE PEDNEAULT,les_equipements_claude_pedneault,Les Equipements Claude Pedneault
ROLLING TIDES CONSTRUCTION,rolling_tides_construction,Rolling Tides Construction
NUA OFFICE,nua_office,NUA Office
ETHIOPIAN AIRLINES GROUP,ethiopian_airlines_group,Ethiopian Airlines Group
MAISON DECISION HOUSE,maison_decision_house,Maison Decision House
SEPW ARCHITECTURE,sepw_architecture,SEPW Architecture
MANPOWER SERVICES CANADA,manpower_services_canada,Manpower Services Canada
CANADIAN STANDARDS ASSOCIATION,canadian_standards_association,Canadian Standards Association
TRADUCTIONS PIERRE CLOUTIER,traductions_pierre_cloutier,Traductions Pierre Cloutier
MODERN CONSTRUCTION,modern_construction,Modern Construction
BELAND LAPOINTE,beland_lapointe,Beland Lapointe
TECHNE SEATING COMPONENT,techne_seating_component,Techne Seating Component
RACEROCKS 3D,racerocks_3d,RaceRocks 3D
LESAGE DAVID DR,lesage_david_dr,Lesage David Dr
INUKSHUK CONSTRUCTION,inukshuk_construction,Inukshuk Construction
LRO STAFFING,lro_staffing,LRO Staffing
M R ENGINEERING,m_r_engineering,M R Engineering
CDCI RESEARCH,cdci_research,CDCI Research
SELECT GLOBAL INTERNATIONAL,select_global_international,Select Global International
SECURE ENERGY ONSITE SERVICES,secure_energy_onsite_services,Secure Energy Onsite Services
METRO SUPPLY CHAIN,metro_supply_chain,Metro Supply Chain
D MARK BIOSCIENCES,d_mark_biosciences,D Mark Biosciences
FONDATION CARREFOUR NOUVEAU MONDE,fondation_carrefour_nouveau_monde,Fondation Carrefour Nouveau Monde
AXYS TECHNOLOGIES,axys_technologies,AXYS Technologies
LE GROUPE DRUMCO CONSTRUCTION,le_groupe_drumco_construction,Le Groupe Drumco Construction
FIRST AIR,first_air,First Air
ASC GERMANY,asc_germany,ASC Germany
COMMPOWER,commpower,CommPower
GREG VAN WYK PROFESSIONAL,greg_van_wyk_professional,Greg Van Wyk Professional
